fila_excel,campo,valor,Product ID,SITEID,motivo
1487,Stock,"-50,00",10150,H. DREAMS TEMUCO,negativo_revisar
1507,Stock,"-3,00",10150,H. SHERATON STGO.,negativo_revisar
1508,Stock,"-48,00",10150,H. W,negativo_revisar
1558,Stock,"-87,00",10154,CD CONCEPCION,negativo_revisar
1580,Stock,"-50,00",10154,H. SHERATON STGO.,negativo_revisar
1699,Stock,"-5,00",10162,CD SANTIAGO,negativo_revisar
3163,Stock,"-1,00",10271,CD CONCEPCION,negativo_revisar
3194,Stock,"-2,00",10271,H. ATTON EL BOSQUE,negativo_revisar
3199,Stock,"-1,00",10271,H. SANTA CRUZ,negativo_revisar
3237,Stock,"-1,00",10272,CORPORATIVO PERU,negativo_revisar
3492,Stock,"-7,00",10285,H. SANTA CRUZ,negativo_revisar
3494,Stock,"-1,00",10285,H. SHERATON STGO.,negativo_revisar
3495,Stock,"-6,00",10285,H. W,negativo_revisar
3515,Stock,"-2,00",10285,HOTEL WESTIN-PERU,negativo_revisar
3867,Stock,"-2,00",10311,ENJOY VINA DEL MAR,negativo_revisar
3912,Stock,"-1,00",10315,CD SANTIAGO,negativo_revisar
4391,Stock,"-3,00",10359,CD SANTIAGO,negativo_revisar
4737,Stock,"-30,00",10385,CD SANTIAGO,negativo_revisar
5025,Stock,"-5,00",10515,BOTAR CHILE,negativo_revisar
5050,Stock,"-1,00",10515,H. COURTYARD,negativo_revisar
5066,Stock,"-2,00",10515,H. ATTON EL BOSQUE,negativo_revisar
5071,Stock,"-7,00",10515,H. SANTA CRUZ,negativo_revisar
5074,Stock,"-4,00",10515,H. W,negativo_revisar
5251,Stock,"-12,00",10536,CD PTO. VARAS - ENJOY,negativo_revisar
5297,Stock,"-1,00",10545,H. SHERATON STGO.,negativo_revisar
5498,Stock,"-1,00",10585,CC TITANIUM,negativo_revisar
5503,Stock,"-10,00",10585,CD SANTIAGO,negativo_revisar
5529,Stock,"-1,00",10585,H. NH,negativo_revisar
5583,Stock,"-1,00",10587,CD SANTIAGO,negativo_revisar
5612,Stock,"-2,00",10587,H. RADISSON LA DEHESA,negativo_revisar
5776,Stock,"-3,00",10597,H. ATTON VITACURA,negativo_revisar
6745,Stock,"-5,00",10657,CC TITANIUM,negativo_revisar
6761,Stock,"-1,00",10657,H. ATTON VITACURA,negativo_revisar
6765,Stock,"-1,00",10657,H. SHERATON STGO.,negativo_revisar
6774,Stock,"-2,00",10658,CC TITANIUM,negativo_revisar
6776,Stock,"-2,00",10658,CD CONCEPCION,negativo_revisar
6783,Stock,"-4,00",10658,H. DREAMS PTA. ARENAS,negativo_revisar
6791,Stock,"-1,00",10658,H. MERCURE CNC,negativo_revisar
6805,Stock,"-1,00",10659,CD PTO. VARAS - ENJOY,negativo_revisar
6806,Stock,"-2,00",10659,CD SANTIAGO,negativo_revisar
6818,Stock,"-1,00",10659,H. W,negativo_revisar
6842,Stock,"-1,00",10661,SERVICIO TECNICO SANT,negativo_revisar
7254,Stock,"-3,00",10692,H. FUNDADOR,negativo_revisar
7295,Stock,"-1,00",10694,H. ALMACRUZ,negativo_revisar
7440,Stock,"-2,00",10699,H. MANDARIN SANTIAGO,negativo_revisar
7485,Stock,"-6,00",10703,CC TITANIUM,negativo_revisar
7658,Stock,"-1,00",10712,SERVICIO TECNICO SANT,negativo_revisar
7803,Stock,"-10,00",10724,H. DREAMS PTA. ARENAS,negativo_revisar
7813,Stock,"-1,00",10724,H. SHERATON STGO.,negativo_revisar
7815,Stock,"-1,00",10724,HOTEL HILTON PERU,negativo_revisar
7828,Stock,"-7,00",10725,H. DREAMS PTA. ARENAS,negativo_revisar
7852,Stock,"-1,00",10726,CD SANTIAGO,negativo_revisar
8088,Stock,"-3,00",10739,H.RITZ CARLTON,negativo_revisar
8190,Stock,"-2,00",10743,CD SANTIAGO,negativo_revisar
8193,Stock,"-149,00",10743,ENJOY VINA DEL MAR,negativo_revisar
8214,Stock,"-3,00",10744,H. SHERATON STGO.,negativo_revisar
8290,Stock,"-6,00",10752,19,negativo_revisar
8348,Stock,"-1,00",10761,H. DREAMS TEMUCO,negativo_revisar
8363,Stock,"-2,00",10761,19,negativo_revisar
8393,Stock,"-6,00",10765,CD SANTIAGO,negativo_revisar
8396,Stock,"-1,00",10765,H. SHERATON STGO.,negativo_revisar
8749,Stock,"-1,00",10794,CC TITANIUM,negativo_revisar
8750,Stock,"-1,00",10794,CD ANTOFAGASTA,negativo_revisar
8781,Stock,"-10,00",10794,H. SHERATON STGO.,negativo_revisar
8782,Stock,"-1,00",10794,H. W,negativo_revisar
8790,Stock,"-2,00",10794,SERVICIO TECNICO SANT,negativo_revisar
9236,Stock,"-5,00",10846,CD SANTIAGO,negativo_revisar
9461,Stock,"-1,00",10859,SERVICIO TECNICO SANT,negativo_revisar
9483,Stock,"-1,00",10862,METROPOLITAN SANTIAGO,negativo_revisar
9569,Stock,"-1,00",10867,CC TITANIUM,negativo_revisar
9854,Stock,"-1,00",10902,BOTAR CHILE,negativo_revisar
9919,Stock,"-2,00",10909,CC TITANIUM,negativo_revisar
9923,Stock,"-2,00",10909,CD SANTIAGO,negativo_revisar
10220,Stock,"-2,00",10922,CD CONCEPCION,negativo_revisar
10241,Stock,"-36,00",10922,H. DREAMS TEMUCO,negativo_revisar
10617,Stock,"-10,00",10941,CD CONCEPCION,negativo_revisar
10623,Stock,"-11,00",10941,ENJOY VINA DEL MAR,negativo_revisar
11143,Stock,"-2,00",10969,H. SANTA CRUZ,negativo_revisar
11866,Stock,"-2,00",11049,H. SANTA CRUZ,negativo_revisar
12120,Stock,"-2,00",11066,H. COURTYARD,negativo_revisar
12270,Stock,"-9,00",11080,CD SANTIAGO,negativo_revisar
12272,Stock,"-1,00",11080,ENJOY VINA DEL MAR,negativo_revisar
12290,Stock,"-2,00",11080,SERVICIO TECNICO SANT,negativo_revisar
12392,Stock,"-1,00",11084,CD CONCEPCION,negativo_revisar
12394,Stock,"-5,00",11084,CD SANTIAGO,negativo_revisar
12421,Stock,"-2,00",11086,CD SANTIAGO,negativo_revisar
12459,Stock,"-1,00",11093,H. ATTON VITACURA,negativo_revisar
12515,Stock,"-4,00",11094,PARQUE ARAUCO,negativo_revisar
12572,Stock,"-1,00",11095,CD SANTIAGO,negativo_revisar
12685,Stock,"-1,00",11108,CD CONCEPCION,negativo_revisar
13019,Stock,"-1,00",11135,CD SANTIAGO,negativo_revisar
13090,Stock,"-19,00",11140,SERVICIO TECNICO SANT,negativo_revisar
13146,Stock,"-2,00",11150,H. W,negativo_revisar
13578,Stock,"-3,00",11181,CD CONCEPCION,negativo_revisar
13580,Stock,"-1,00",11181,CD SANTIAGO,negativo_revisar
13626,Stock,"-7,00",11182,H. SANTA CRUZ,negativo_revisar
14266,Stock,"-1,00",11194,CD SANTIAGO,negativo_revisar
14357,Stock,"-1,00",11195,H. MERCURE CNC,negativo_revisar
14484,Stock,"-1,00",11202,CD SANTIAGO,negativo_revisar
15197,Stock,"-4,00",11268,CD SANTIAGO,negativo_revisar
15329,Stock,"-1,00",11288,CD SANTIAGO,negativo_revisar
15398,Stock,"-1,00",11300,H. MANDARIN SANTIAGO,negativo_revisar
15520,Stock,"-1,00",11315,DIFERENCIAS INV,negativo_revisar
15540,Stock,"-1,00",11315,H. ATTON EL BOSQUE,negativo_revisar
15545,Stock,"-1,00",11315,H. SANTA CRUZ,negativo_revisar
15566,Stock,"-4,00",11316,CORPORATIVO PERU,negativo_revisar
15857,Stock,"-1,00",11339,CD SANTIAGO,negativo_revisar
16004,Stock,"-1,00",11352,SERVICIO TECNICO SANT,negativo_revisar
16105,Stock,"-1,00",11372,CD SANTIAGO,negativo_revisar
16266,Stock,"-1,00",11412,CD CONCEPCION,negativo_revisar
16268,Stock,"-1,00",11412,CD SANTIAGO,negativo_revisar
16280,Stock,"-1,00",11413,CD CONCEPCION,negativo_revisar
16338,Stock,"-14,00",11416,CD CONCEPCION,negativo_revisar
16407,Stock,"-24,00",11421,HOTEL LE MERIDIEN,negativo_revisar
16422,Stock,"-2,00",11423,CD SANTIAGO,negativo_revisar
16518,Stock,"-1,00",11435,H. ATTON VITACURA,negativo_revisar
16611,Stock,"-2,00",11449,SERVICIO TECNICO SANT,negativo_revisar
17262,Stock,"-1,00",11532,MARRIOTT SANTIAGO,negativo_revisar
17594,Stock,"-2,00",11577,CD PTO. VARAS - ENJOY,negativo_revisar
17848,Stock,"-1,00",11586,CD SANTIAGO,negativo_revisar
17970,Stock,"-3,00",11600,CD SANTIAGO,negativo_revisar
18110,Stock,"-2,00",11626,CD SANTIAGO,negativo_revisar
18513,Stock,"-1,00",11707,CD SANTIAGO,negativo_revisar
18588,Stock,"-1,00",11708,H. RENAISSANCE,negativo_revisar
18673,Stock,"-1,00",11717,CD SANTIAGO,negativo_revisar
19014,Stock,"-1,00",11766,CD SANTIAGO,negativo_revisar
19438,Stock,"-20,00",11830,CD ANTOFAGASTA,negativo_revisar
19741,Stock,"-1,00",11892,ENJOY VINA DEL MAR,negativo_revisar
20965,Stock,"-2.010,00",12065,CD SANTIAGO,negativo_revisar
20994,Stock,"-68,00",12067,CD SANTIAGO,negativo_revisar
21320,Stock,"-3,00",12107,METROPOLITAN SANTIAGO,negativo_revisar
23776,Stock,"-1,00",12324,GHOST 22,negativo_revisar
23779,Stock,"-2,00",12324,H. DOUBLETREE BY HILT,negativo_revisar
23792,Stock,"-2,00",12324,H. NOVOTEL STGO (H. A,negativo_revisar
23842,Stock,"-10,00",12325,H. SHERATON MIRAMAR,negativo_revisar
23921,Stock,"-1,00",12344,CD SANTIAGO,negativo_revisar
23948,Stock,"-4,00",12344,SERVICIO TECNICO SANT,negativo_revisar
24007,Stock,"-35,00",12347,CD SANTIAGO,negativo_revisar
24292,Stock,"-6,00",12378,H. SHERATON STGO.,negativo_revisar
25130,Stock,"-10,00",12466,H. COURTYARD,negativo_revisar
25146,Stock,"-4,00",12466,H. ATTON EL BOSQUE,negativo_revisar
25149,Stock,"-4,00",12466,H. REGAL PACIFIC,negativo_revisar
25153,Stock,"-5,00",12466,H. SHERATON STGO.,negativo_revisar
25209,Stock,"-1,00",12468,CD SANTIAGO,negativo_revisar
26240,Stock,"-1,00",12574,H. SANTA CRUZ,negativo_revisar
26374,Stock,"-2,00",12586,ENJOY VINA DEL MAR,negativo_revisar
27071,Stock,"-2,00",12654,CC TITANIUM,negativo_revisar
27171,Stock,"-1,00",12663,H. ATTON EL BOSQUE,negativo_revisar
27253,Stock,"-2,00",12667,H. W,negativo_revisar
28454,Stock,"-2,00",12802,H. MANDARIN SANTIAGO,negativo_revisar
28455,Stock,"-59,00",12802,MARRIOTT SANTIAGO,negativo_revisar
30008,Stock,"-3,00",13123,H. SHERATON STGO.,negativo_revisar
30122,Stock,"-1,00",13136,CD SANTIAGO,negativo_revisar
30364,Stock,"-9,00",13151,CD PTO. VARAS - ENJOY,negativo_revisar
30432,Stock,"-649,00",13153,CD PTO. VARAS - ENJOY,negativo_revisar
32355,Stock,"-5,00",30021,CD SANTIAGO,negativo_revisar
32380,Stock,"-2,00",30033,CD SANTIAGO,negativo_revisar
32386,Stock,"-1,00",30033,H. INTERCONTINENTAL,negativo_revisar
32479,Stock,"-1,00",30052,CD SANTIAGO,negativo_revisar
32573,Stock,"-5,00",30075,CD SANTIAGO,negativo_revisar
34047,Stock,"-3,00",50007,H. COURTYARD,negativo_revisar
34059,Stock,"-1,00",50007,H. W,negativo_revisar
34395,Stock,"-1,00",55236,CD BOGOTA,negativo_revisar
34596,Stock,"-1,00",6008,CENTROPARQUE,negativo_revisar
34812,Stock,"-12,00",60652,CC AGORA,negativo_revisar
35327,Stock,"-50,00",76554,EFCOL,negativo_revisar
36261,Stock,"-1,00",ADAPPLEUSBC,CD SANTIAGO,negativo_revisar
36269,Stock,"-1,00",ADAPPLEUSBC,SERVICIO TECNICO SANT,negativo_revisar
36428,Stock,"-2,00",ARNSEGMG,SERVICIO TECNICO SANT,negativo_revisar
36504,Stock,"-5,00",ATMICBOO,CD SANTIAGO,negativo_revisar
36512,Stock,"-1,00",ATMICBOO,H. MANDARIN SANTIAGO,negativo_revisar
36521,Stock,"-1,00",ATMICBOO,H. SHERATON STGO.,negativo_revisar
36522,Stock,"-4,00",ATMICBOO,H. W,negativo_revisar
36694,Stock,"-1,00",BOLESP50,METROPOLITAN SANTIAGO,negativo_revisar
36708,Stock,"-1,00",BOLESP50,HOTEL LE MERIDIEN,negativo_revisar
36750,Stock,"-1,00",CAB3RCAG,H. DOUBLETREE BY HILT,negativo_revisar
36893,Stock,"-1,00",CABCHDVI,CD SANTIAGO,negativo_revisar
37373,Stock,"-8,00",CABLEU30,SERVICIO TECNICO SANT,negativo_revisar
37615,Stock,"-1,00",CABMP2RC,CD BOGOTA,negativo_revisar
37741,Stock,"-3,00",CABPODG,CD SANTIAGO,negativo_revisar
37857,Stock,"-2,00",CABRCAPL,CD SANTIAGO,negativo_revisar
37882,Stock,"-6,00",CABRCAPL,H. W,negativo_revisar
37945,Stock,"-6,00",CABSPK03,H. ICON,negativo_revisar
37982,Stock,"-1,00",CABSPKSP,CC TITANIUM,negativo_revisar
38001,Stock,"-2,00",CABSPKSP,H. W,negativo_revisar
38214,Stock,"-3,00",CABSTPK1,CC TITANIUM,negativo_revisar
38218,Stock,"-2,00",CABSTPK1,CD PTO. VARAS - ENJOY,negativo_revisar
38340,Stock,"-60,00",CABUPLCH,MARRIOTT SANTIAGO,negativo_revisar
38358,Stock,"-17,00",CABUPLCH,SERVICIO TECNICO SANT,negativo_revisar
46333,Stock,"-2,00",CTLREEPS,CD SANTIAGO,negativo_revisar
52030,Stock,"-5,00",PIZPAPEL 120X76,CD SANTIAGO,negativo_revisar
52859,Stock,"-7,00",SK122484753,CD BOGOTA,negativo_revisar
53623,Stock,"-1,00",SK176362223,CD SANTIAGO,negativo_revisar
55489,Stock,"-1,00",XXX011,HOTEL HILTON PERU,negativo_revisar
541,Cost,"-157.080,00",10047,CORPORATIVO PERU,negativo_revisar
571,Cost,"-306,14",10053,CORPORATIVO PERU,negativo_revisar
608,Cost,"-106.400,00",10056,CORPORATIVO PERU,negativo_revisar
639,Cost,"-140.600,00",10056,HOTEL HILTON PERU,negativo_revisar
644,Cost,"-121.600,00",10056,HOTEL WESTIN-PERU,negativo_revisar
727,Cost,"-189,82",10063,CORPORATIVO PERU,negativo_revisar
730,Cost,"-403,36",10063,DIFERENCIAS INV. PERU,negativo_revisar
773,Cost,"-403,36",10063,HOTEL WESTIN-PERU,negativo_revisar
888,Cost,"-572,09",10075,DIFERENCIAS INV. PERU,negativo_revisar
891,Cost,"-197,48",10075,EQUIPO VENTA PERU,negativo_revisar
928,Cost,"-1.236,14",10075,HOTEL HILTON PERU,negativo_revisar
931,Cost,"-394,96",10075,HOTEL PALACIO DEL INK,negativo_revisar
948,Cost,"-394,96",10075,SERVICIO TECNICO PERU,negativo_revisar
957,Cost,"-2.080,00",10076,CORPORATIVO PERU,negativo_revisar
1094,Cost,"-419,48",10085,HOTEL HILTON PERU,negativo_revisar
2146,Cost,"-3,04",10188.1,OCS,negativo_revisar
2306,Cost,"-8.054,39",10193.1,CD SANTIAGO,negativo_revisar
2307,Cost,"-15.278,38",10193.1,CENTROPARQUE,negativo_revisar
2322,Cost,"-3.033,72",10193.1,MARRIOTT SANTIAGO,negativo_revisar
2341,Cost,"-8.054,39",10193.1,OCS,negativo_revisar
2346,Cost,"-586.462,94",10193.1,SERVICIO TECNICO SANT,negativo_revisar
2425,Cost,"-8,84",10195.1,SERVICIO TECNICO SANT,negativo_revisar
2988,Cost,"-80,00",10250,CORPORATIVO PERU,negativo_revisar
3383,Cost,"-95.177,86",10277,REUTILIZAR CHILE,negativo_revisar
3522,Cost,"-2.851,06",10285,SERVICIO TECNICO SANT,negativo_revisar
3751,Cost,"-33.224,82",10302,SERVICIO TECNICO SANT,negativo_revisar
4092,Cost,"-280,65",10337.1,METROPOLITAN SANTIAGO,negativo_revisar
4112,Cost,"-290,48",10337.1,H. MANDARIN SANTIAGO,negativo_revisar
4137,Cost,"-29.355,46",10337.1,SERVICIO TECNICO SANT,negativo_revisar
4171,Cost,"-237,14",10339.1,METROPOLITAN SANTIAGO,negativo_revisar
4523,Cost,"-1.908,63",10367,CORPORATIVO PERU,negativo_revisar
4527,Cost,"-1.245,75",10367,DIFERENCIAS INV. PERU,negativo_revisar
4575,Cost,"-415,25",10367,HOTEL PULLMAN SAN ISI,negativo_revisar
4578,Cost,"-138,42",10367,HOTEL WESTIN-PERU,negativo_revisar
4602,Cost,"-146.488,31",10368,EQUIPO VENTA PERU,negativo_revisar
4616,Cost,"-60.000,00",10368,MARRIOTT SANTIAGO,negativo_revisar
4646,Cost,"-66.282,28",10368,HOTEL WESTIN-PERU,negativo_revisar
5027,Cost,"-2.924,07",10515,METROPOLITAN SANTIAGO,negativo_revisar
5104,Cost,"-4.742,23",10515,SERVICIO TECNICO SANT,negativo_revisar
6264,Cost,"-1.027,52",10642,CORPORATIVO PERU,negativo_revisar
6269,Cost,"-614,40",10642,DIFERENCIAS INV. PERU,negativo_revisar
6272,Cost,"-307,20",10642,EQUIPO VENTA PERU,negativo_revisar
6316,Cost,"-307,20",10642,HOTEL PULLMAN SAN ISI,negativo_revisar
6321,Cost,"-1.783,42",10642,HOTEL WESTIN-PERU,negativo_revisar
6329,Cost,"-23.846,75",10642,SERVICIO TECNICO SANT,negativo_revisar
6385,Cost,"-372,88",10643,HOTEL PALACIO DEL INK,negativo_revisar
6387,Cost,"-372,88",10643,HOTEL PULLMAN SAN ISI,negativo_revisar
6392,Cost,"-912,26",10643,HOTEL WESTIN-PERU,negativo_revisar
6688,Cost,"-1.252,00",10655,DIFERENCIAS INV. PERU,negativo_revisar
6715,Cost,"-1.252,00",10655,HOTEL HILTON PERU,negativo_revisar
6901,Cost,"-314.685,32",10662,SERVICIO TECNICO SANT,negativo_revisar
7784,Cost,"-147.748,50",10723,EQUIPO VENTA PERU,negativo_revisar
8370,Cost,"-441,24",10763,CD CONCEPCION,negativo_revisar
9615,Cost,"-857.142,86",10867,SERVICIO TECNICO SANT,negativo_revisar
10295,Cost,"-250.000,00",10923,EQUIPO VENTA PERU,negativo_revisar
10711,Cost,"-2.154,00",10945,EQUIPO VENTA PERU,negativo_revisar
10826,Cost,"-143,93",10949,DIFERENCIAS INV. PERU,negativo_revisar
11332,Cost,"-1.632,00",11010,CORPORATIVO PERU,negativo_revisar
11353,Cost,"-272,00",11010,HOTEL WESTIN-PERU,negativo_revisar
11851,Cost,"-11.412,66",11049,DIFERENCIAS INV,negativo_revisar
11876,Cost,"-2.153.042,91",11049,PARQUE ARAUCO,negativo_revisar
12201,Cost,"-1.044,00",11073,SERVICIO TECNICO PERU,negativo_revisar
12521,Cost,"-77,06",11094.1,METROPOLITAN SANTIAGO,negativo_revisar
12535,Cost,"-210,29",11094.1,H. COURTYARD,negativo_revisar
12536,Cost,"-44,86",11094.1,H. DOUBLETREE BY HILT,negativo_revisar
12541,Cost,"-5.263,43",11094.1,H. ICON,negativo_revisar
12564,Cost,"-948,47",11094.1,OCS,negativo_revisar
12620,Cost,"-1.247.259,48",11101,WYNDHAM CONCEPCION PE,negativo_revisar
12962,Cost,"-1.753,00",11133,CORPORATIVO PERU,negativo_revisar
12965,Cost,"-10.232,00",11133,DIFERENCIAS INV. PERU,negativo_revisar
12969,Cost,"-13.663,00",11133,EQUIPO VENTA PERU,negativo_revisar
13417,Cost,"-1.829,45",11171,HOTEL PULLMAN SAN ISI,negativo_revisar
13498,Cost,"-0,10",11179.1,H. W,negativo_revisar
13532,Cost,"-91,19",11180.1,METROPOLITAN SANTIAGO,negativo_revisar
13535,Cost,"-314,99",11180.1,CD CONCEPCION,negativo_revisar
13565,Cost,"-349,05",11180.1,H. W,negativo_revisar
13658,Cost,"-1.461,55",11182.1,CD SANTIAGO,negativo_revisar
13659,Cost,"-1.664,68",11182.1,CENTROPARQUE,negativo_revisar
13666,Cost,"-245,10",11182.1,H. COURTYARD,negativo_revisar
13679,Cost,"-1.909,88",11182.1,H. NOVAPARK,negativo_revisar
13692,Cost,"-1.807,72",11182.1,H.RITZ CARLTON,negativo_revisar
13698,Cost,"-3.040,72",11182.1,REUTILIZAR CHILE,negativo_revisar
14002,Cost,"-13.608,25",11190.1,METROPOLITAN SANTIAGO,negativo_revisar
14100,Cost,"-641,77",11191.1,METROPOLITAN SANTIAGO,negativo_revisar
14104,Cost,"-92,95",11191.1,CENTROPARQUE,negativo_revisar
14112,Cost,"-254,96",11191.1,H. DOUBLETREE BY HILT,negativo_revisar
14125,Cost,"-1.829,10",11191.1,H. ATTON VITACURA,negativo_revisar
14132,Cost,"-64,62",11191.1,H. W,negativo_revisar
14141,Cost,"-28.696,93",11191.1,SERVICIO TECNICO SANT,negativo_revisar
14208,Cost,"-10,80",11192.1,H. DOUBLETREE BY HILT,negativo_revisar
14214,Cost,"-96,23",11192.1,H. ICON,negativo_revisar
14223,Cost,"-48,25",11192.1,H. ATTON VITACURA,negativo_revisar
14228,Cost,"-66,86",11192.1,H. SHERATON STGO.,negativo_revisar
14849,Cost,"-114,41",11231,CORPORATIVO PERU,negativo_revisar
14852,Cost,"-1.560,87",11231,DIFERENCIAS INV. PERU,negativo_revisar
14901,Cost,"-2.154,80",11231,HOTEL HILTON PERU,negativo_revisar
14903,Cost,"-82,67",11231,HOTEL PALACIO DEL INK,negativo_revisar
14904,Cost,"-381,36",11231,HOTEL PULLMAN MIRAFLO,negativo_revisar
14905,Cost,"-381,36",11231,HOTEL PULLMAN SAN ISI,negativo_revisar
15071,Cost,"-762,72",11246,CORPORATIVO PERU,negativo_revisar
15073,Cost,"-290,16",11246,DIFERENCIAS INV. PERU,negativo_revisar
15093,Cost,"-762,72",11246,HOTEL PALACIO DEL INK,negativo_revisar
15365,Cost,"-331,50",11289,HOTEL HILTON PERU,negativo_revisar
15520,Cost,"-87.857,26",11315,DIFERENCIAS INV,negativo_revisar
16023,Cost,"-7.266,53",11354,H. RENAISSANCE,negativo_revisar
16651,Cost,"-261,35",11458,HOTEL PALACIO DEL INK,negativo_revisar
16925,Cost,"-223.418,00",11507,HOTEL WESTIN-PERU,negativo_revisar
16991,Cost,"-310,84",11511,EQUIPO VENTA PERU,negativo_revisar
17087,Cost,"-1.540,00",11518,CORPORATIVO PERU,negativo_revisar
17196,Cost,"-762,72",11526,CORPORATIVO PERU,negativo_revisar
17199,Cost,"-3.813,60",11526,DIFERENCIAS INV. PERU,negativo_revisar
17202,Cost,"-58,67",11526,EQUIPO VENTA PERU,negativo_revisar
17209,Cost,"-1.525,44",11526,HOTEL PALACIO DEL INK,negativo_revisar
17533,Cost,"-1.230,00",11571,CORPORATIVO PERU,negativo_revisar
17555,Cost,"-144,07",11575,DIFERENCIAS INV. PERU,negativo_revisar
17556,Cost,"-144,07",11575,EQUIPO VENTA PERU,negativo_revisar
17745,Cost,"-662,04",11582,H. SHERATON MIRAMAR,negativo_revisar
17747,Cost,"-378,31",11582,H. W,negativo_revisar
19262,Cost,"-135,48",11793.1,METROPOLITAN SANTIAGO,negativo_revisar
19849,Cost,"-256,66",11901,CORPORATIVO PERU,negativo_revisar
19853,Cost,"-46,67",11901,DIFERENCIAS INV. PERU,negativo_revisar
19901,Cost,"-3.074,72",11901,HOTEL HILTON PERU,negativo_revisar
19905,Cost,"-280,00",11901,HOTEL PULLMAN MIRAFLO,negativo_revisar
19906,Cost,"-560,00",11901,HOTEL PULLMAN SAN ISI,negativo_revisar
19908,Cost,"-46,67",11901,HOTEL WESTIN-PERU,negativo_revisar
22258,Cost,"-487,05",12188,SERVICIO TECNICO PERU,negativo_revisar
22453,Cost,"-35.232,80",12191,SERVICIO TECNICO SANT,negativo_revisar
22842,Cost,"-8.563,71",12217,METROPOLITAN SANTIAGO,negativo_revisar
22924,Cost,"-0,98",12218,H. ICON,negativo_revisar
22957,Cost,"-55.770,55",12218,SERVICIO TECNICO SANT,negativo_revisar
23274,Cost,"-29.641,62",12244,MERMA TRANSITORIA SER,negativo_revisar
24527,Cost,"-276.055,78",12404,HOTEL PULLMAN SAN ISI,negativo_revisar
24891,Cost,"-63.916,73",12443,PULLMAN SAN MARTIN,negativo_revisar
25391,Cost,"-709,90",124955,CORPORATIVO PERU,negativo_revisar
25392,Cost,"-1.419,80",124955,COSTA DEL SOL,negativo_revisar
25531,Cost,"-686.832,84",12525,DIFERENCIAS INV. PERU,negativo_revisar
25718,Cost,"-1.467,75",12540,EQUIPO VENTA PERU,negativo_revisar
25912,Cost,"-501,40",12560,CORPORATIVO PERU,negativo_revisar
25957,Cost,"-752,10",12560,SERVICIO TECNICO PERU,negativo_revisar
25981,Cost,"-3.569.863,82",12565,CORPORATIVO PERU,negativo_revisar
26027,Cost,"-382.603,68",12565,SERVICIO TECNICO SANT,negativo_revisar
26120,Cost,"-289.109,08",12571,METROPOLITAN SANTIAGO,negativo_revisar
26150,Cost,"-85.149,35",12571,H. NOVOTEL STGO (H. A,negativo_revisar
26159,Cost,"-44.697,05",12571,H. W,negativo_revisar
26172,Cost,"-235.401,86",12571,INVENTARIO 2023,negativo_revisar
26177,Cost,"-464.521,58",12571,SERVICIO TECNICO SANT,negativo_revisar
26295,Cost,"-7.878,61",12577,H. W,negativo_revisar
26632,Cost,"-304,24",12605,DIFERENCIAS INV. PERU,negativo_revisar
26694,Cost,"-78.485,06",12608,METROPOLITAN SANTIAGO,negativo_revisar
26735,Cost,"-847.832,09",12608,SERVICIO TECNICO SANT,negativo_revisar
26763,Cost,"-81.496,90",12609,H. ATTON EL BOSQUE,negativo_revisar
26771,Cost,"-81.496,90",12609,H. W,negativo_revisar
27094,Cost,"-559.553,96",12654,SERVICIO TECNICO SANT,negativo_revisar
27856,Cost,"-53.128,17",12750.1,H. W,negativo_revisar
28642,Cost,"-550,00",12827,DIFERENCIAS INV. PERU,negativo_revisar
28655,Cost,"-550,00",12827,SERVICIO TECNICO PERU,negativo_revisar
28712,Cost,"-19.096,06",12834,SERVICIO TECNICO SANT,negativo_revisar
29480,Cost,"-411.756,00",13058,CENTROPARQUE,negativo_revisar
31322,Cost,"-281.416,67",1495,H.C. GRAND HYATT,negativo_revisar
31510,Cost,"-335.360,25",15965,CD BOGOTA,negativo_revisar
31511,Cost,"-372.622,50",15965,EQUIPOS FUERA DE USO,negativo_revisar
32082,Cost,"-9.793.300,00",233,CD BOGOTA,negativo_revisar
32084,Cost,"-1.439.714,29",233,H.C. GRAND HYATT,negativo_revisar
32085,Cost,"-2.879.428,57",233,H.C. HILTON BOGOTA,negativo_revisar
32275,Cost,"-5.416.384,57",30010,METROPOLITAN SANTIAGO,negativo_revisar
32475,Cost,"-163.816,69",30051,SERVICIO TECNICO SANT,negativo_revisar
32561,Cost,"-19.696,07",30060,SERVICIO TECNICO SANT,negativo_revisar
32607,Cost,"-324,24",30075,SERVICIO TECNICO SANT,negativo_revisar
33921,Cost,"-128.289,60",4785,CD BOGOTA,negativo_revisar
33922,Cost,"-192.434,40",4785,EQUIPOS FUERA DE USO,negativo_revisar
34453,Cost,"-2.547.127,00",5665,CD BOGOTA,negativo_revisar
34454,Cost,"-596.000,00",5665,H.C. HILTON BOGOTA,negativo_revisar
35491,Cost,"-65.210,00",897,H.C. NOVOTEL MEDELLIN,negativo_revisar
35705,Cost,"-5.539,48",90091,H. INTERCONTINENTAL,negativo_revisar
35723,Cost,"-6.475.058,48",90092,H. INTERCONTINENTAL,negativo_revisar
35818,Cost,"-958.368,00",955,CD BOGOTA,negativo_revisar
36029,Cost,"-558.847,57",98516,CD BOGOTA,negativo_revisar
36030,Cost,"-422.402,46",98516,EQUIPOS FUERA DE USO,negativo_revisar
36035,Cost,"-115.087,20",98516,H.C. GRAND HYATT,negativo_revisar
36036,Cost,"-106.616,00",98516,H.C. HILTON BOGOTA,negativo_revisar
36038,Cost,"-26.654,00",98516,H.C. W,negativo_revisar
36133,Cost,"-404.706,82",987454,CD BOGOTA,negativo_revisar
36135,Cost,"-426.007,18",987454,EQUIPOS FUERA DE USO,negativo_revisar
36146,Cost,"-113.405,99",98746,CD BOGOTA,negativo_revisar
36147,Cost,"-74.229,37",98746,EQUIPOS FUERA DE USO,negativo_revisar
37403,Cost,"-3,55",CABLEU303.1,H. W,negativo_revisar
37678,Cost,"-5.834,37",CABMPA2P.1,H. DOUBLETREE BY HILT,negativo_revisar
37691,Cost,"-2.562,47",CABMPA2P.1,H. ATTON VITACURA,negativo_revisar
38613,Cost,"-41.767,71",CAJDIRSB,H. W,negativo_revisar
38852,Cost,"-227,12",CH HI VI DIS 01,DIFERENCIAS INV. PERU,negativo_revisar
38865,Cost,"-25.198,45",CHANGE1,METROPOLITAN SANTIAGO,negativo_revisar
38872,Cost,"-271,50",CHANGE1,CORPORATIVO PERU,negativo_revisar
38917,Cost,"-255,00",CHANGE1,HOTEL HILTON PERU,negativo_revisar
38928,Cost,"-255,00",CHANGE1,SERVICIO TECNICO PERU,negativo_revisar
39230,Cost,"-30,00",CL MIC 08,CD BOGOTA,negativo_revisar
40643,Cost,"-5.484,24",CO CAB05,H.C. GRAND HYATT,negativo_revisar
41612,Cost,"-581.964,29",CO DIS12,CC AGORA,negativo_revisar
41793,Cost,"-315.000,00",CO EST13,CD BOGOTA,negativo_revisar
43568,Cost,"-1.660.444,96",CO MIC01,H.C. GRAND HYATT,negativo_revisar
44742,Cost,"-630.210,00",CO PC03,ER COL22,negativo_revisar
45428,Cost,"-374.542,06",CO PRY37,CD BOGOTA,negativo_revisar
45646,Cost,"-772.260,18",CO SOP07,CD BOGOTA,negativo_revisar
45649,Cost,"-43.065,05",CO SOP07,H.C. FS CARTAGENA,negativo_revisar
45651,Cost,"-664.634,16",CO SOP07,H.C. HILTON BOGOTA,negativo_revisar
45653,Cost,"-772.260,18",CO SOP07,H.C. INTERCONTINENTAL,negativo_revisar
45655,Cost,"-772.260,18",CO SOP07,H.C. NOVOTEL MEDELLIN,negativo_revisar
46018,Cost,"-6.206.000,00",CO TEL23,H.C. HOLIDAY INN,negativo_revisar
46109,Cost,"-2.588.412,43",CO VID08,CD BOGOTA,negativo_revisar
46115,Cost,"-6.028.345,06",CO VID08,H.C. FS CARTAGENA,negativo_revisar
46119,Cost,"-6.131.021,66",CO VID08,H.C. INTERCONTINENTAL,negativo_revisar
46122,Cost,"-6.028.345,06",CO VID08,H.C. W,negativo_revisar
46464,Cost,"-1.975.000,00",DE001,CD BOGOTA,negativo_revisar
50257,Cost,"-515,25",PE ILU30,HOTEL WESTIN-PERU,negativo_revisar
50263,Cost,"-580,00",PE ILU33,HOTEL HILTON PERU,negativo_revisar
50952,Cost,"-88,14",PE MIC01,CORPORATIVO PERU,negativo_revisar
50954,Cost,"-88,14",PE MIC01,HOTEL CAP SAN ISIDRO,negativo_revisar
51637,Cost,"-304,24",PE PRV01,DIFERENCIAS INV. PERU,negativo_revisar
51836,Cost,"-930,00",PE PRY19,CORPORATIVO PERU,negativo_revisar
53806,Cost,"-6,56",SK190808978,METROPOLITAN SANTIAGO,negativo_revisar
54793,Cost,"-136.126,71",TELLGP43,H. W,negativo_revisar
55589,Cost,"-352,54",XXX040,CORPORATIVO PERU,negativo_revisar
55781,Cost,"-307,20",XXX114,HOTEL WESTIN-PERU,negativo_revisar
56180,Cost,"-2.217,63",XXX179,CORPORATIVO PERU,negativo_revisar
56409,Cost,"-451,52",XXX224,CORPORATIVO PERU,negativo_revisar
56567,Cost,"-13.285,27",XXX270,HOTEL WESTIN-PERU,negativo_revisar
1487,CostoTotal,"-434.350,00",10150,H. DREAMS TEMUCO,negativo_revisar
1558,CostoTotal,"-4.463.448,00",10154,CD CONCEPCION,negativo_revisar
2146,CostoTotal,"-12,16",10188.1,OCS,negativo_revisar
2306,CostoTotal,"-2.086.088,28",10193.1,CD SANTIAGO,negativo_revisar
2307,CostoTotal,"-305.567,56",10193.1,CENTROPARQUE,negativo_revisar
2322,CostoTotal,"-9.101,16",10193.1,MARRIOTT SANTIAGO,negativo_revisar
2346,CostoTotal,"-4.691.703,55",10193.1,SERVICIO TECNICO SANT,negativo_revisar
2425,CostoTotal,"-176,80",10195.1,SERVICIO TECNICO SANT,negativo_revisar
3163,CostoTotal,"-30.022,97",10271,CD CONCEPCION,negativo_revisar
3194,CostoTotal,"-248.379,71",10271,H. ATTON EL BOSQUE,negativo_revisar
3383,CostoTotal,"-190.355,72",10277,REUTILIZAR CHILE,negativo_revisar
3492,CostoTotal,"-146.681,26",10285,H. SANTA CRUZ,negativo_revisar
3494,CostoTotal,"-12.000,00",10285,H. SHERATON STGO.,negativo_revisar
3495,CostoTotal,"-39.327,00",10285,H. W,negativo_revisar
3515,CostoTotal,"-1.837,06",10285,HOTEL WESTIN-PERU,negativo_revisar
3522,CostoTotal,"-208.127,38",10285,SERVICIO TECNICO SANT,negativo_revisar
3751,CostoTotal,"-664.496,40",10302,SERVICIO TECNICO SANT,negativo_revisar
4092,CostoTotal,"-13.471,23",10337.1,METROPOLITAN SANTIAGO,negativo_revisar
4112,CostoTotal,"-3.485,76",10337.1,H. MANDARIN SANTIAGO,negativo_revisar
4137,CostoTotal,"-352.265,49",10337.1,SERVICIO TECNICO SANT,negativo_revisar
4171,CostoTotal,"-10.434,07",10339.1,METROPOLITAN SANTIAGO,negativo_revisar
4391,CostoTotal,"-30.228,00",10359,CD SANTIAGO,negativo_revisar
4737,CostoTotal,"-540.000,00",10385,CD SANTIAGO,negativo_revisar
5027,CostoTotal,"-17.544,42",10515,METROPOLITAN SANTIAGO,negativo_revisar
5074,CostoTotal,"-90.612,00",10515,H. W,negativo_revisar
5104,CostoTotal,"-441.027,09",10515,SERVICIO TECNICO SANT,negativo_revisar
5251,CostoTotal,"-22.872.288,83",10536,CD PTO. VARAS - ENJOY,negativo_revisar
5583,CostoTotal,"-1.116,84",10587,CD SANTIAGO,negativo_revisar
5776,CostoTotal,"-70.512,23",10597,H. ATTON VITACURA,negativo_revisar
6329,CostoTotal,"-286.161,00",10642,SERVICIO TECNICO SANT,negativo_revisar
6901,CostoTotal,"-2.202.797,24",10662,SERVICIO TECNICO SANT,negativo_revisar
7254,CostoTotal,"-15.000,00",10692,H. FUNDADOR,negativo_revisar
9236,CostoTotal,"-355.000,00",10846,CD SANTIAGO,negativo_revisar
9461,CostoTotal,"-103.333,33",10859,SERVICIO TECNICO SANT,negativo_revisar
9615,CostoTotal,"-5.999.999,99",10867,SERVICIO TECNICO SANT,negativo_revisar
10220,CostoTotal,"-68.014,79",10922,CD CONCEPCION,negativo_revisar
10826,CostoTotal,"-575,74",10949,DIFERENCIAS INV. PERU,negativo_revisar
11851,CostoTotal,"-11.412,66",11049,DIFERENCIAS INV,negativo_revisar
11876,CostoTotal,"-8.612.171,64",11049,PARQUE ARAUCO,negativo_revisar
12521,CostoTotal,"-2.774,14",11094.1,METROPOLITAN SANTIAGO,negativo_revisar
12536,CostoTotal,"-179,45",11094.1,H. DOUBLETREE BY HILT,negativo_revisar
12541,CostoTotal,"-115.795,46",11094.1,H. ICON,negativo_revisar
12564,CostoTotal,"-13.278,58",11094.1,OCS,negativo_revisar
12572,CostoTotal,"-3.237,31",11095,CD SANTIAGO,negativo_revisar
13019,CostoTotal,"-4.000,00",11135,CD SANTIAGO,negativo_revisar
13146,CostoTotal,"-9.345,29",11150,H. W,negativo_revisar
13498,CostoTotal,"-0,19",11179.1,H. W,negativo_revisar
13532,CostoTotal,"-3.191,56",11180.1,METROPOLITAN SANTIAGO,negativo_revisar
13535,CostoTotal,"-314,99",11180.1,CD CONCEPCION,negativo_revisar
13565,CostoTotal,"-698,10",11180.1,H. W,negativo_revisar
13580,CostoTotal,"-678,79",11181,CD SANTIAGO,negativo_revisar
13658,CostoTotal,"-511.543,46",11182.1,CD SANTIAGO,negativo_revisar
13659,CostoTotal,"-41.617,00",11182.1,CENTROPARQUE,negativo_revisar
13679,CostoTotal,"-5.729,63",11182.1,H. NOVAPARK,negativo_revisar
13692,CostoTotal,"-59.654,65",11182.1,H.RITZ CARLTON,negativo_revisar
13698,CostoTotal,"-3.040,72",11182.1,REUTILIZAR CHILE,negativo_revisar
14002,CostoTotal,"-925.361,17",11190.1,METROPOLITAN SANTIAGO,negativo_revisar
14100,CostoTotal,"-27.596,05",11191.1,METROPOLITAN SANTIAGO,negativo_revisar
14104,CostoTotal,"-1.766,00",11191.1,CENTROPARQUE,negativo_revisar
14112,CostoTotal,"-7.138,88",11191.1,H. DOUBLETREE BY HILT,negativo_revisar
14125,CostoTotal,"-1.829,10",11191.1,H. ATTON VITACURA,negativo_revisar
14132,CostoTotal,"-387,73",11191.1,H. W,negativo_revisar
14141,CostoTotal,"-1.693.118,68",11191.1,SERVICIO TECNICO SANT,negativo_revisar
14214,CostoTotal,"-673,60",11192.1,H. ICON,negativo_revisar
14223,CostoTotal,"-48,25",11192.1,H. ATTON VITACURA,negativo_revisar
14266,CostoTotal,"-1.250,00",11194,CD SANTIAGO,negativo_revisar
15197,CostoTotal,"-15.000,00",11268,CD SANTIAGO,negativo_revisar
15329,CostoTotal,"-140.972,23",11288,CD SANTIAGO,negativo_revisar
16023,CostoTotal,"-116.264,52",11354,H. RENAISSANCE,negativo_revisar
16338,CostoTotal,"-700,00",11416,CD CONCEPCION,negativo_revisar
16422,CostoTotal,"-4.000,00",11423,CD SANTIAGO,negativo_revisar
17262,CostoTotal,"-47.689,44",11532,MARRIOTT SANTIAGO,negativo_revisar
17594,CostoTotal,"-1.709,68",11577,CD PTO. VARAS - ENJOY,negativo_revisar
17745,CostoTotal,"-1.324,08",11582,H. SHERATON MIRAMAR,negativo_revisar
17970,CostoTotal,"-14.208.231,60",11600,CD SANTIAGO,negativo_revisar
18513,CostoTotal,"-1.872,76",11707,CD SANTIAGO,negativo_revisar
19262,CostoTotal,"-270,95",11793.1,METROPOLITAN SANTIAGO,negativo_revisar
19853,CostoTotal,"-326,67",11901,DIFERENCIAS INV. PERU,negativo_revisar
22453,CostoTotal,"-669.423,20",12191,SERVICIO TECNICO SANT,negativo_revisar
22842,CostoTotal,"-51.382,25",12217,METROPOLITAN SANTIAGO,negativo_revisar
22924,CostoTotal,"-5,90",12218,H. ICON,negativo_revisar
22957,CostoTotal,"-4.182.791,25",12218,SERVICIO TECNICO SANT,negativo_revisar
23274,CostoTotal,"-59.283,24",12244,MERMA TRANSITORIA SER,negativo_revisar
24891,CostoTotal,"-127.833,46",12443,PULLMAN SAN MARTIN,negativo_revisar
25153,CostoTotal,"-2.938,50",12466,H. SHERATON STGO.,negativo_revisar
25209,CostoTotal,"-16.379,32",12468,CD SANTIAGO,negativo_revisar
26027,CostoTotal,"-9.182.488,32",12565,SERVICIO TECNICO SANT,negativo_revisar
26120,CostoTotal,"-1.445.545,40",12571,METROPOLITAN SANTIAGO,negativo_revisar
26150,CostoTotal,"-425.746,77",12571,H. NOVOTEL STGO (H. A,negativo_revisar
26159,CostoTotal,"-89.394,10",12571,H. W,negativo_revisar
26172,CostoTotal,"-3.060.224,14",12571,INVENTARIO 2023,negativo_revisar
26295,CostoTotal,"-23.635,82",12577,H. W,negativo_revisar
26735,CostoTotal,"-1.695.664,18",12608,SERVICIO TECNICO SANT,negativo_revisar
27094,CostoTotal,"-2.238.215,84",12654,SERVICIO TECNICO SANT,negativo_revisar
27856,CostoTotal,"-371.897,19",12750.1,H. W,negativo_revisar
28455,CostoTotal,"-76.002,01",12802,MARRIOTT SANTIAGO,negativo_revisar
28712,CostoTotal,"-133.672,39",12834,SERVICIO TECNICO SANT,negativo_revisar
30364,CostoTotal,"-10.159,50",13151,CD PTO. VARAS - ENJOY,negativo_revisar
30432,CostoTotal,"-21.093.584,14",13153,CD PTO. VARAS - ENJOY,negativo_revisar
31511,CostoTotal,"-3.726.225,00",15965,EQUIPOS FUERA DE USO,negativo_revisar
32355,CostoTotal,"-20.311,45",30021,CD SANTIAGO,negativo_revisar
32386,CostoTotal,"-18.280,30",30033,H. INTERCONTINENTAL,negativo_revisar
32475,CostoTotal,"-655.266,75",30051,SERVICIO TECNICO SANT,negativo_revisar
32561,CostoTotal,"-137.872,47",30060,SERVICIO TECNICO SANT,negativo_revisar
32573,CostoTotal,"-4.052,94",30075,CD SANTIAGO,negativo_revisar
32607,CostoTotal,"-4.863,54",30075,SERVICIO TECNICO SANT,negativo_revisar
33922,CostoTotal,"-577.303,20",4785,EQUIPOS FUERA DE USO,negativo_revisar
34047,CostoTotal,"-73.500,00",50007,H. COURTYARD,negativo_revisar
34059,CostoTotal,"-24.500,00",50007,H. W,negativo_revisar
34395,CostoTotal,"-174.789,91",55236,CD BOGOTA,negativo_revisar
35705,CostoTotal,"-16.618,44",90091,H. INTERCONTINENTAL,negativo_revisar
35723,CostoTotal,"-25.900.233,92",90092,H. INTERCONTINENTAL,negativo_revisar
36030,CostoTotal,"-35.059.404,33",98516,EQUIPOS FUERA DE USO,negativo_revisar
36135,CostoTotal,"-8.520.143,60",987454,EQUIPOS FUERA DE USO,negativo_revisar
36147,CostoTotal,"-1.484.587,44",98746,EQUIPOS FUERA DE USO,negativo_revisar
36428,CostoTotal,"-192.789,80",ARNSEGMG,SERVICIO TECNICO SANT,negativo_revisar
36893,CostoTotal,"-1.016,95",CABCHDVI,CD SANTIAGO,negativo_revisar
37403,CostoTotal,"-7,09",CABLEU303.1,H. W,negativo_revisar
37615,CostoTotal,"-6.666,08",CABMP2RC,CD BOGOTA,negativo_revisar
37691,CostoTotal,"-2.562,47",CABMPA2P.1,H. ATTON VITACURA,negativo_revisar
38340,CostoTotal,"-42.172,73",CABUPLCH,MARRIOTT SANTIAGO,negativo_revisar
38358,CostoTotal,"-109.776,31",CABUPLCH,SERVICIO TECNICO SANT,negativo_revisar
38613,CostoTotal,"-41.767,71",CAJDIRSB,H. W,negativo_revisar
38865,CostoTotal,"-25.198,45",CHANGE1,METROPOLITAN SANTIAGO,negativo_revisar
40643,CostoTotal,"-21.936,97",CO CAB05,H.C. GRAND HYATT,negativo_revisar
41793,CostoTotal,"-1.260.000,00",CO EST13,CD BOGOTA,negativo_revisar
43568,CostoTotal,"-3.320.889,92",CO MIC01,H.C. GRAND HYATT,negativo_revisar
44742,CostoTotal,"-1.260.420,00",CO PC03,ER COL22,negativo_revisar
45428,CostoTotal,"-749.084,12",CO PRY37,CD BOGOTA,negativo_revisar
45646,CostoTotal,"-74.909.237,60",CO SOP07,CD BOGOTA,negativo_revisar
45649,CostoTotal,"-172.260,18",CO SOP07,H.C. FS CARTAGENA,negativo_revisar
45651,CostoTotal,"-6.646.341,63",CO SOP07,H.C. HILTON BOGOTA,negativo_revisar
45653,CostoTotal,"-3.861.300,90",CO SOP07,H.C. INTERCONTINENTAL,negativo_revisar
45655,CostoTotal,"-772.260,18",CO SOP07,H.C. NOVOTEL MEDELLIN,negativo_revisar
46109,CostoTotal,"-31.060.949,11",CO VID08,CD BOGOTA,negativo_revisar
46115,CostoTotal,"-6.028.345,06",CO VID08,H.C. FS CARTAGENA,negativo_revisar
46119,CostoTotal,"-24.524.086,65",CO VID08,H.C. INTERCONTINENTAL,negativo_revisar
46122,CostoTotal,"-6.028.345,06",CO VID08,H.C. W,negativo_revisar
50954,CostoTotal,"-176,28",PE MIC01,HOTEL CAP SAN ISIDRO,negativo_revisar
53806,CostoTotal,"-6,56",SK190808978,METROPOLITAN SANTIAGO,negativo_revisar
54793,CostoTotal,"-136.126,71",TELLGP43,H. W,negativo_revisar
2,Product ID,0,0,CC AGORA,codigo_cero_revisar
3,Product ID,0,0,WYNDHAM CONCEPCION PE,codigo_cero_revisar
