fabricante,modelo,codigos,descripciones
3COM,2924,"[""10746"", ""11675""]","[""Switch de Red 24 Bocas"", ""Ficha mala""]"
ABSEN,D2,"[""11421"", ""12393"", ""13190"", ""PALED2.9D2_M2""]","[""Panel LED 50X50 Pixel 2.9"", ""Panel LED 0,5X05 Pixel 2.9 (No Usar Definitivo)"", ""Panel LED 50X50 Pixel 2.9"", ""Pantalla Pixel Pitch 2.9 x metro cuadrado (D2)""]"
ABSEN,D2V,"[""13065"", ""13191"", ""60652"", ""PALED2.9B_M2CL"", ""PALED2.9B_M2CO"", ""PALED2.9_M2CL"", ""PALED2.9_M2CO""]","[""Panel LED 50X50 Pixel 2.9 D2V (CO)"", ""Panel LED 50X50 Pixel 2.9 D2V (CL)"", ""Modulos de Led 50X50 (2da Compra)"", ""Pantalla Pixel Pitch 2.9  x metro cuadrado (Clase B CL)"", ""Pantalla Pixel Pitch 2.9  x metro cuadrado (Clase B CO)"", ""Pantalla Pixel Pitch 2.9 x metro cuadrado (CL)"", ""Pantalla Pixel Pitch 2.9 x metro cuadrado (CO)""]"
ABSEN,INDOOR 3.9,"[""12437"", ""12563""]","[""PANTALLA LED P3.9 INDOOR 1MTS cuadrado"", ""PANTALLA LED P3.9 INDOOR 1mts cuadrado""]"
ABSEN,NT2.6V2,"[""PALED2.6B_M2"", ""PALED2.6_M2""]","[""Pantalla Pixel Pitch 2.6 x metro cuadrado (Clase B)"", ""Pantalla Pixel Pitch 2.6 x metro cuadrado""]"
ABSEN,NT2.9,"[""PE LED01"", ""PE LED02""]","[""Panel LED P2.9  1.00 x 0.50 m"", ""Panel LED P2.9  0.50 x 0.50 m""]"
ABSEN,PL 2.9 LITE,"[""9596"", ""CO LED01""]","[""Pantalla LED 2.9 Pitch | Modulo 50 x 50 cm"", ""Pantalla LED 2.9 Pitch | Modulo 50 x 50 cm""]"
ABSEN,PL3.9LITE V10,"[""MOD3.9"", ""PALED3.9B_M2"", ""PALED3.9_M2""]","[""Modulo Pantalla Led Pixel Pich 3.9 50x50 cms"", ""Pantalla Pixel Pitch 3.9  x metro cuadrado (Clase B)"", ""Pantalla Pixel Pitch 3.9 x metro cuadrado""]"
ABSEN,S3,"[""MODLED25"", ""PALED3.9BS3_M2""]","[""Modulo LED 3.9mm 50X50"", ""Pantalla pixel ptich 3.9 x metro cuadrado (Clase B S3)""]"
ALESIS,3630,"[""10654"", ""11743""]","[""Compresor con gate para S.A."", ""Compresor con Gate""]"
ALESIS,STUDIO 12R,"[""11634"", ""MIXALE12""]","[""Consola Audio 12 Canales"", ""Mezclador 12 Canales""]"
AMERICAN AUDIO,16 AWG,"[""10208"", ""10209""]","[""Cable BNC M-M 30 metros"", ""Cable BNC M-M 20 metros""]"
AMERICAN PRO,FLATTRITEC,"[""12466"", ""13318""]","[""Optipar Led Color 7 Leds 7x8w"", ""Optipar Led Color 7 Leds 7x8w""]"
AOC,E2239FWT,"[""11511"", ""PE MON21""]","[""Monitor Multi View 21.5\""\"""", ""Monitor 21.5\""\"" Multi View""]"
APC,BX700UI,"[""30060"", ""CO ACC72""]","[""UPS 700VA"", ""UPS""]"
APPLE,A3204,"[""MX ACC01"", ""MX ACC03""]","[""Magic Mouse"", ""Lente para videoproyector tiro corto""]"
APPLE,A3389,"[""CO PC47"", ""MX PC01""]","[""Mac Studio | M3 28CPU - RAM 256 GB 1-TB"", ""Mac Studio | M3 | 1TB""]"
APPLE,GENERICO,"[""ADAPPLE3.5"", ""ADAPPLEUSBC""]","[""Adaptador lightning a a aux 3,5"", ""Adaptador multipuerto de USB-C a AV digital""]"
APPLE,MV932CI/A,"[""SK162789341"", ""SK175955027""]","[""Macbook Pro Retina T.Bar"", ""Macbook Touch Bar  (No inlcuye Capturas)""]"
ATEN,VS481A,"[""40405"", ""CO DIS02"", ""CO VID06""]","[""Distribuidor HDMI 1X3"", ""Distribuidor HDMI 1x3"", ""Switch HDMI""]"
AV MATRIX,UC2018,"[""CAPHDMI2018"", ""PE CAP04""]","[""Capturadora de Video HDMI/SDI-USB 3.1"", ""Captura SDI / HDMI""]"
AVOLITES,TITAN ONE,"[""PE ILU16"", ""PE ILU32"", ""SK165802724""]","[""Consola de Iluminación (Interfaz DMX Titan One)"", ""Control de Luces"", ""Consola de Iluminación (Interfaz DMX Titan One)""]"
BEHRINGER,CT100,"[""PE HER03"", ""XXX268""]","[""Testeador cables Canon y audio"", ""Testeador cables Canon y audio""]"
BEHRINGER,DI100,"[""11022"", ""CO CAD01""]","[""Caja Directa"", ""Caja Directa Activa""]"
BEHRINGER,EMC-8000,"[""11141"", ""21153""]","[""Microfono Alambrico Condensador"", ""Microfono Alambrico de Condensador""]"
BEHRINGER,PMH-2000,"[""10040"", ""12413""]","[""Power Mixer Behringer 10 Canales XLR"", ""Power Mixer Behringer""]"
BEHRINGER,PMP-2000,"[""PE AUD12"", ""XXX114""]","[""EuroPower Mixer. 8 ch / 250x2 Wrms"", ""EuroPower Mixer. 8 ch / 250x2 Wrms""]"
BEHRINGER,PMP530M,"[""11575"", ""PE AUD33""]","[""Power Mixer. 5 ch / 300 Watts"", ""Consola Power Mixer. 5ch / 300 Watts""]"
BEHRINGER,UB 2442 FX,"[""10053"", ""PE AUD30""]","[""Consola de audio 10 Canales XLR y 4 canales Stereo"", ""Consola Analogica de Audio de 10 Ch""]"
BEHRINGER,X32,"[""11728"", ""CO COA09""]","[""Consola Digital 32 canales con UPS"", ""Consola de audio digital 32Ch | X32""]"
BIAMP SYSTEM,AUDIA FLEX,"[""PE AUD34"", ""PE AUD35""]","[""Procesador de audio digital 16 canales de entrada y 6 de salida"", ""Procesador de audio digital 24 canales de entrada""]"
BLACK MAGIC,HDLEXT-DVI,"[""12605"", ""PE COV01""]","[""CONVERTIDOR SDI A HDMI"", ""Convertidor SDI a HDMI""]"
BLACKMAGIC,CONVMSDIDA4K,"[""CH HI VI DIS 01"", ""PE DIS02""]","[""Distribuidor SDI 4K"", ""Distribuidor SDI 4K""]"
BLACKMAGIC,INTENSITY SHUTTLE,"[""12772"", ""CO CAV01"", ""PE CAP05""]","[""CAPTURADORA DE VIDEO EXTERNA"", ""Capturadora de video Intensity"", ""Capturadora de video externa BM""]"
BLACKMAGIC,UPDOWNCROSS HD,"[""606034"", ""CO CVT01""]","[""Mini Convertidor SDI - HDMI / HDMI -SDI | Blackmagic"", ""Mini Convertidor SDI - HDMI / HDMI -SDI | Blackmagic""]"
BOSE,402 II,"[""12309"", ""SK179606912""]","[""Parlante Satelital array"", ""Parlante Satelital""]"
BOSE,802 III,"[""12536"", ""CO ALT09""]","[""Panaray 802® III Loudspeaker"", ""Altavoz Panaray""]"
BOSE,812,"[""12586"", ""CO ALT01"", ""CO ALT02""]","[""F1 Model 812 PARLANTES FULL RANGE, Powered, 230V"", ""Altavoz F1 Modelo 812"", ""Subwoofer F1""]"
BOSE,DM8S,"[""CO ALT20"", ""PBF150W""]","[""Altavoz DesingMax DM8S"", ""Parlante Bose Instalacion fija 150 Watt Dm8S""]"
BOSE,DS 40F,"[""20050"", ""ALTFRB4F""]","[""Altavoz de Cielo (Blanco)"", ""Altavoz de Cielo""]"
BOSE,DS100F,"[""11354"", ""CO ALT05""]","[""Altavoz de Cielo"", ""Altavoz de Cielo""]"
BOSE,DS100SE,"[""12374"", ""4160"", ""CO ALT07""]","[""Freespace DS100SE White"", ""Altavoz de cielo"", ""Altavoz de Cielo""]"
BOSE,DS40SE,"[""12443"", ""CO ALT04""]","[""Altavoz de Muro"", ""Altavoz de Muro""]"
BOSE,IZA-190,"[""12444"", ""CO AMPA04""]","[""Amplificador de Audio Multizona"", ""Amplificador de audio multizona""]"
BOSE,IZA-250,"[""12445"", ""CO AMPA07""]","[""Freespace IZA-250 Integate Zone"", ""Amplificador Freespace IZA-250 Integate Zone""]"
BOSE,L1 - II,"[""CO ALT28"", ""CO ALT29"", ""CO ALT30"", ""CO ALT31""]","[""Base Parlante L1 - II"", ""Modulo de bajo L1 - II"", ""Parlante alto L1 - II"", ""Parlante bajo L1 - II""]"
BOSE,L1 COMPACT,"[""11321"", ""11333"", ""12193"", ""CO ALT27"", ""PA ALT01"", ""PE BOC06"", ""PE BOC23""]","[""Equipo de audio Bose"", ""SISTEMA L1 COMPACT"", ""Base Parlante L1 COMPACT BOSE"", ""Sistema Bose L1 Compact"", ""Bocina L1 Compact"", ""Parlante Full Rango Barra - 130w"", ""Parlante L1 Compact""]"
BOSE,L1 II,"[""12188"", ""12189"", ""12190"", ""12191"", ""PE BOC14""]","[""MODULO DE BAJO  L1 MODELO II"", ""PARLANTE ALTO L1 MODELOII"", ""PARLANTE BAJO L1 MODELOII"", ""BASE PARLANTE  L1 MODELO II"", ""Bose L1 Model II alto, bajo, base""]"
BOSE,L1 PRO 16,"[""CO ALT26"", ""PA ALT02""]","[""Sistema Bose L1 Pro 16"", ""Bocina L1 Pro 16""]"
BOSE,PM-4500,"[""12535"", ""CO AMPA05""]","[""Amplificador de Audio"", ""Amplificador de audio PM-4500""]"
BOSE,PM-8500,"[""12196"", ""CO AMPA03""]","[""Amplificador de Audio 4000W"", ""Amplificador de audio PM-8500""]"
BOSE,PM8250,"[""40515"", ""CO AMPA11""]","[""Amplificador de Sonido 8CH 250W"", ""Amplificador de audio PM-8250""]"
BOSE,T1,"[""11582"", ""CO COA03"", ""PA COA03"", ""PE AUD20""]","[""Consola de audio T1 ToneMatch, con cable poder"", ""Consola de audio digital 4Ch | T1 ToneMatch"", ""Consola de audio 4 canales"", ""Consola ToneMatch""]"
BOSE,VB1,"[""CO VID12"", ""PE AUD09"", ""PE AUD24""]","[""Videobar para conferencias | 6 Microfonos"", ""Barra de sonido para TV"", ""Soundbar - Bose""]"
CANON,IMAGE CLASS MF634CDW,"[""PA ACC09"", ""PA ACC10""]","[""Impresora multifuncional"", ""Motor de carga""]"
CANON,PIXMA MP230,"[""11699"", ""IMIYTC23""]","[""Ficha Mala"", ""Impresora Color Inyeccion de Tinta""]"
CASES DEL PERU,NACIONAL,"[""PE MIC28"", ""XXX221""]","[""Cabina Movil para Interpretacion Simultanea"", ""Cabina Movil para Interpretacion Simultanea""]"
CHAMSYS,TWO UNIVERSE,"[""4015"", ""CO ILU18""]","[""Interfaz de Iluminacion"", ""Controlador de Iluminacion""]"
CHAUVET,CLP - 15N,"[""PE SOP11"", ""XXX169""]","[""Clamp CLP-15n"", ""Clamp CLP-15n""]"
CLEARCOM,CC-300,"[""PE ACC30"", ""XXX144""]","[""Intercom Alambrado Audifonos y sistema"", ""Audifonos Intercom""]"
CLEARCOM,MS-702,"[""10247"", ""12000"", ""XXX291""]","[""Main station sistema de intercom"", ""Main Station Intercom"", ""Main Station""]"
CLEARCOM,SMQ-1,"[""11735"", ""11736""]","[""Audifono Intercom PK7"", ""Receptor Intercom PK7""]"
CREATOR,CR-PGMII,"[""CO AUT07"", ""PE AUT03""]","[""Control de automatización"", ""Sistema de Automatizacion""]"
D SAN,EDNALITE,"[""40401"", ""CO ACC37""]","[""Puntero Laser"", ""Puntero laser""]"
D-LINK,DIR-615,"[""11932"", ""CO ETH08""]","[""Router inalambrico"", ""Router inalambrico""]"
DA LITE,SENIOR,"[""11276"", ""11553"", ""PE ECR08""]","[""Telon Electrico 3,6 X 4,78 / Formato 4:3"", ""Ecran eléctrico 4x5 mts"", ""Ecran Electrico 4x5 mts""]"
DA-LITE,COSMOPOLITAN,"[""10609"", ""12314"", ""12315"", ""30004""]","[""Telon Electrico de 1.53 X 2.44. Formato 16:10"", ""Telon Electrico 2,21 x 2,95 Formato 4:3"", ""Telon Electrico 1,80 X 2,40 / Formato 4:3"", ""Telon Electrico 3,80 X 5,06 mts. / Formato 4:3""]"
DAISEYA,NPQ-818,"[""XXX PE ILU31"", ""XXX205"", ""XXX267""]","[""Par Led"", ""Foco Parled"", ""Foco Par Led""]"
DBX,223XL,"[""10047"", ""PE AUD32""]","[""Crossover pasivo para S.A."", ""Crossover pasivo para S.A.""]"
DELL,INSPIRON 3443,"[""12558"", ""15898""]","[""Notebook Intel I5, 4Gb en Ram, disco duro de 1TB con bolso, mouse y candado"", ""Laptop Sistema Array EV""]"
DELL,VOSTRO 3400,"[""NBCONFAUDIO"", ""NBI5""]","[""Notebook Configuracion de Audio I5"", ""Notebook I5, 16 G Ram, SSD 500G con bolso Mouse y candado""]"
DEXEL,ACENTO FRESNEL 2000,"[""PE ILU11"", ""XXX171""]","[""Reflector Fresnel Incandescente"", ""Fresnel de 2Kw con clamp y cable de seguridad""]"
DRAPER,STAGESCREEN,"[""11221"", ""11222"", ""11316"", ""11523"", ""PE ECR09"", ""PE SOP22""]","[""Telon Mecano 12 x 3 WO"", ""Telon Mecano 15 x 4 WO"", ""Soporte para estructuras telas WO, 180x600"", ""Ecran mecano 4,57 x 15,24 mt para WO"", ""Ecran Mecano 4.57 x 15.24 mts para WO"", ""Soporte para estructuras telas WO, 180x600""]"
DRAPER,TARGA,"[""13073"", ""13074"", ""13075"", ""13076"", ""13077"", ""40490"", ""40491"", ""40492""]","[""Telon Electrico 2,54 x 4,06  / Formato 16:10"", ""Telon Electrico 3,06 x 4,90  / Formato 16:10"", ""Telon Electrico 1,47 x 2,64  / Formato 16:9"", ""Telon Electrico 2,67 x 4,27  / Formato 16:10"", ""Telon Electrico 1,32 x 2,34  / Formato 16:9"", ""Telon 222 x 356 Formato 16:9"", ""Telon 124 x 221 Formato 16:9"", ""Telon 165 x 295 Formato 16:9""]"
DSAN,PC-433BP-SYS,"[""11892"", ""CO ACC15""]","[""Presentador Inalambrico Perfect Cue"", ""Presentador inalambrico Perfect Cue""]"
ECRAN,ECRAN,"[""11929"", ""11930""]","[""Telon Mecano Frontal de 2x3 (7,5X10)"", ""Telon Mecano Frontal de 3x4 (9x12)""]"
ELECTRO VOICE,TG7,"[""90072"", ""90073""]","[""Sujetador Superior Columna EV para X2"", ""Amplificador con DSP Sistema Line Array""]"
ENXTV-X4,ENXTV-X4,"[""11971"", ""11972""]","[""Amplificador encore"", ""Amplificador encore""]"
EPSON,CINEMA 880,"[""PJ REGAL"", ""PJ3300"", ""PR3300""]","[""Proyector 3.200 Ansilumenes / Formato 16:9 / Full HD"", ""Proyector Epson 3300 Ansi Lumens Full HD"", ""Proyector 3300 Ansi Lumens""]"
EPSON,L4260,"[""PE IMP02"", ""WWW129"", ""XXX128"", ""XXX130""]","[""Impresora Epson"", ""Impresora Epson"", ""Impresora Epson"", ""Impresora Epson""]"
EPSON,L630U,"[""PROY6200"", ""PROYECTOR6200""]","[""Proyector Laser 6200 Ansi Lumens"", ""Proyector Laser 6200 Ansi Lumens""]"
EPSON,POWERLITE 1930,"[""12346"", ""12525"", ""CO PRY13"", ""PE PRY15""]","[""Proyector 4.200 Ansilumenes / Formato 4:3 / XGA LCD Normal"", ""Proyector 4.200 Ansilumenes / Formato 4:3 / XGA LCD Normal"", ""Proyector 4.200 lm | Formato 4:3"", ""Proyector 4200 Ansi Lumenes 4:3""]"
EPSON,POWERLITE 1960,"[""CO PRY19"", ""PE PRY03""]","[""Proyector 5.000 lm | PL1960"", ""Proyector 5000 Ansi Lumenes""]"
EPSON,POWERLITE 2042,"[""13000"", ""PE PRY12""]","[""Proyector 4400 ansilumenes"", ""Proyector 4400 Ansi Lumenes""]"
EPSON,POWERLITE 2142W,"[""50098"", ""CO PRY33""]","[""Proyector 4.200 Alms WXGA"", ""Proyector 4.200 lm""]"
EPSON,POWERLITE 5510,"[""13106"", ""PE PRY32""]","[""Proyector 5500 Ansilumenes"", ""Proyector 5500 Ansi Lumenes""]"
EPSON,POWERLITE 98,"[""12404"", ""PE PRY16""]","[""Proyector 3.000 Ansilumenes / Formato 4:3 / XGA LCD"", ""Proyector 3000 Ansi Lumenes 4:3""]"
EPSON,PRO L1405U,"[""10391"", ""CO PRY05""]","[""Proyector Laser 4K 8.000 Alms / Formato 16:10 / WUXGA 3LCD"", ""Proyector 8.000 lm Laser | Formato 16:10""]"
EV,EVID 6.2,"[""10723"", ""PE BOC19""]","[""Parlante EV evid 6.2"", ""Parlante Electro Voice""]"
FOCUSRITE,SOLO,"[""XXX119"", ""XXX178""]","[""Interfaz de audio"", ""Scarlett Solo""]"
GENERICO,GENERICO,"[""ADANDROUSBC"", ""CABHDMI4.5"", ""PB10000"", ""PE ACC51""]","[""Adaptador tipo c a mini jack"", ""Cable hdmi 4,5 mts"", ""Power Bank 10000 mah"", ""Extender Audio/DMX""]"
GENIUS,SW-2.1,"[""12174"", ""CO ALT24""]","[""Sistema de Audio 2.1"", ""Sistema de Audio 2.1""]"
GLOBAL TRUSS,TR-4077,"[""PE SOP08"", ""XXX164""]","[""Truss Triangular 1 mt"", ""Truss Triangular 1 mt""]"
GLOBAL TRUSS,TR-4079,"[""PE SOP09"", ""XXX163""]","[""Truss Triangular 2 mts"", ""Truss Triangular 2 mts""]"
GLOBAL TRUSS,TR-4081,"[""PE SOP10"", ""XXXCAMBIO""]","[""Truss Triangular 3 mts"", ""Truss Triangular 3 mts""]"
GRANDVIEW,ELM-100,"[""11289"", ""PE ECR11""]","[""Ecran Eléctrico 1,80 x 2,40 mts"", ""Ecran Electrico 1.80 x 2.40 mts""]"
GRANDVIEW,ELM-150,"[""11029"", ""PE ECR05"", ""XXX141""]","[""Telon Electrico 2,4 x 3,2 Formato 4:3"", ""Ecran Electrico 3 x 2 mts"", ""Ecran 2x3 mts eléctrico""]"
GRANDVIEW,ELM-200,"[""PE ECR04"", ""XXXX140""]","[""Ecran Electrico 3 x 4 mts"", ""Ecran Electrico 3x4 mts""]"
GRANDVIEW,FA-M120,"[""11352"", ""12365"", ""XXX233""]","[""Telon Electrico 1,80 X 2,40 / Formato 4:3"", ""Telon Electrico 1,80 X 2,40 / Formato 4:3"", ""Ecran electrico 1.80 x 2.40""]"
HD TRUSS,3MM,"[""TRUSS200X40X40"", ""TRUSS300X40X40""]","[""Truss cuadrado 200x40x40"", ""Truss cuadrado 300x40x40""]"
HIGH VALUE,HW-G001,"[""PE ILU33"", ""XXX273""]","[""Cortadora Estroboscopica 1500W."", ""Cortadora 1500 W""]"
HOLLYLAND,SOLIDCOM C1 PRO,"[""PE ACC53"", ""PE ACC67""]","[""Sistema de intercom wireless 4 units - Hollyland"", ""Sistema de intercom wireless 7 units - Hollyland""]"
HP,240,"[""12485"", ""PE PC12""]","[""Notebook Intel Corei3, 4GB, Disco Duro 640Gb con bolso,mouse y candado"", ""Laptop Corei3  HP""]"
HP,PAVILION 14-DV05002LA,"[""PE PC04"", ""PE PC17""]","[""Laptop Core i5 Pavilion"", ""Laptop de Hotel""]"
HP,PROLIANT DL360,"[""10354"", ""10355""]","[""Servidor Produccion R2"", ""Servidor BD R2""]"
HYUNDAI,HYLED2210,"[""13402"", ""CO PAN07""]","[""Pantalla 22\""\"""", ""Pantalla 22\""\""""]"
JBL,226C,"[""11458"", ""PE BOC24""]","[""Parlante de techo 100 Watts C/ Caja acústica y rejilla"", ""Parlante de techo 100 Watts C/ Caja acústica y rejilla""]"
JBL,C-25,"[""10980"", ""CO ALT11""]","[""Parlante full range de dos vías y 150 Watts"", ""Parlante Full range de dos vías y 150 Watts""]"
JBL,C-28,"[""10075"", ""PE BOC18""]","[""Parlante Pasivo 175 Watts"", ""Parlante Pasivo 175 Watts""]"
JBL,C-328,"[""10979"", ""PE BOC20""]","[""Parlante techo full range de dos vías y 250 Watts"", ""Parlante de techo full range de dos vías y 250 Watts""]"
JBL,CONTROL 28WH,"[""11570"", ""PE BOC13""]","[""Parlante 100Watts"", ""Parlante 100Watts""]"
KRAMER,ADC-DPM/HF,"[""13235"", ""90092""]","[""Cable Adaptador Display Port (M) a HDMI (H)"", ""Cable Adaptador Display Port (M) a HDMI (H)""]"
KRAMER,ADC-U31C/HF,"[""18095"", ""CO CVT07""]","[""Cable Adaptador USB 3.1 Tipo C a HDMI"", ""Convertidor USB C - HDMI | Kramer""]"
KRAMER,BC-HDKAT6A,"[""CABFTP20"", ""CABFTP40"", ""CABFTP50""]","[""Cable FTP HDBaseT 20 Mts (Morado)"", ""Cable FTP HDBaseT 40 Mts (Morado)"", ""Cable FTP HDBaseT 50 Mts (Morado)""]"
KRAMER,C-GM/GM-50,"[""10630"", ""12011""]","[""Cable VGA 15 mts."", ""Cable VGA 15 mts""]"
KRAMER,C-HM/HM-3,"[""13181"", ""30044""]","[""Cable Estándar HDMI (M) a HDMI (M) 0.9mts"", ""Cable Estándar HDMI (M) a HDMI (M) 0.9mts""]"
KRAMER,C-HM/HM-35,"[""4099"", ""CO CAB104""]","[""Cable HDMI 35 Metros"", ""Cable HDMI 10 mts | Kramer""]"
KRAMER,C-HM/HM-6,"[""12836"", ""5034""]","[""Cable HDMI 1.8 Mts"", ""Cable HDMI 5 metros""]"
KRAMER,C-HM/HM/PRO-10,"[""13050"", ""13094""]","[""Cable HDMI 3 mts"", ""Cable HDMI 3 mts""]"
KRAMER,C-U32/FF-3,"[""15965"", ""CO CAB79""]","[""Cable USB-C 1mts"", ""Cable USB C 1mts""]"
KRAMER,C–HM/HM–10,"[""13047"", ""CO CAB116""]","[""Cable HDMI 3 Mts"", ""Cable HDMI 3 mts | Kramer""]"
KRAMER,FC-46XL,"[""30355"", ""CO AUD06""]","[""De–Embebedor Audio HDMI"", ""De–Embebedor Audio HDMI""]"
KRAMER,PT-110,"[""11688"", ""12219""]","[""XGA Trasmisor de data via cat 5"", ""CONVERSOR KRAMER RJ-45 OUT / VGA IN""]"
KRAMER,PT-571,"[""12217"", ""CO EXT02""]","[""Conversor Extensor Tx RJ-45-HMDI In Digikat"", ""Extensor Conversor Tx RJ-45-HMDI In Digikat""]"
KRAMER,PT-572+,"[""12218"", ""CO EXT03""]","[""Conversor Extensor Rx RJ45-HDMI Out Digikat"", ""Extensor Conversor Rx RJ45-HDMI Out Digikat""]"
KRAMER,PT-871/2XR-KIT,"[""CO EXT08"", ""KITEXT4K""]","[""Extensor conversor 4K HDR HDMI | Kit de 2"", ""Extensor Compacto de HDMI 4K HDR HDMI PoC sobre DGKat 2.0 de largo alcance""]"
KRAMER,RC-78R,"[""10038"", ""40511"", ""CO AUT03""]","[""Switch Automatico 2X1 HDMI Modo Espera"", ""Control de Automatizacion Relay Cue"", ""Botonera de 8 teclas para automatización""]"
KRAMER,TP-551N,"[""11327"", ""11328""]","[""Transmisor HDMI"", ""Transmisor HDMI""]"
KRAMER,TP-580R,"[""12807"", ""CO REC02""]","[""Receptor HDMI 4K sobre Parn Trenzado HDBaseT"", ""Receptor HDMI 4K HDBaseT""]"
KRAMER,TP-580T,"[""CO TRA02"", ""THDBTKRA""]","[""Transmisor HDMI 4K sobre Par Trenzado HDBaseT"", ""Transmisor HDMI 4K sobre Par Trenzado HDBaseT""]"
KRAMER,VM-4H2,"[""13131"", ""CO DIS13""]","[""Distribuidor / amplificador HDMI 1x4 4K"", ""Distribuidor HDMI 1:4""]"
KRAMER,VM-4UHD,"[""30081"", ""CO DIS03""]","[""Distribuidor / amplificador HDMI 1x4 4K"", ""Distribuidor HDMI 1x4 4K""]"
KRAMER,VP-425,"[""40508"", ""CO ESC05""]","[""Escalador Pc Hdmi"", ""Escalador Pc HDMI""]"
KRAMER,VP-728,"[""10945"", ""CO ESC01"", ""PE PRV09""]","[""Escalador switch de 5 x 2 IN/OUT 1 salida HDMI"", ""Escalador de video 5x2x1 | HDMI"", ""Escalador switch de 5 x 2 IN/OUT 1 salida HDMI""]"
KRAMER,VP-729,"[""11253"", ""147787513""]","[""Escalador switch 9 Inputs"", ""Escalador switch""]"
KRAMER,VP-734,"[""PE PRV03"", ""XXX245""]","[""Escalador"", ""ESCALADOR""]"
KRAMMER,VP- 242,"[""10173"", ""XXX307""]","[""Switcher distribuidor de señal VGA 2 x 4 con transformador"", ""Switcher distribuidor de señal VGA 2 x 4 con transformador""]"
KRAMMER,VP-727,"[""10777"", ""10778""]","[""Escalador switch"", ""Controlador switch VP-727""]"
LG,19EN435-B,"[""12477"", ""PE MON23""]","[""Monitor 18.5\""\"" LG"", ""Monitor 18.5\""\"" Lg""]"
LG,43LH5100,"[""TELLG043"", ""TELLGP43""]","[""Monitor TV LED 43\""\"""", ""Monitor TV LED 43\""\"" para Podio LED""]"
LG,55SM5B,"[""10004"", ""CO PAN06""]","[""Monitor LED 55\""\"" Full HD"", ""Pantalla 55\""\""""]"
LG,DV647,"[""11232"", ""CO DVD01""]","[""Reproductor DVD"", ""Reproductor DVD""]"
LINKSYS,SE3008,"[""12598"", ""CO ETH01""]","[""Switch 8 Puertos GIGABIT10/100/1000"", ""Switch de red 8 Puertos""]"
LOGITECH,C270 HD,"[""12303"", ""PA CAM02""]","[""Camara Web"", ""Cámara web Logitech C270 HD""]"
LOGITECH,R400,"[""CL ACC 05"", ""XXX006"", ""XXX007"", ""XXX044"", ""XXX045""]","[""Presentador inalambrico PPT Remote Control 15M"", ""Passlide R400"", ""Passlider r400"", ""Passlide"", ""Passlide 2 *""]"
LOGITECH,R800,"[""CL ACC 04"", ""PE ACC06"", ""XXX117"", ""XXX133"", ""XXX134"", ""XXX136""]","[""Presentador inalambrico PPT Remote Control 30M"", ""RS400/800"", ""Passlide"", ""Passlide R800"", ""passlide  R800"", ""Passlide r800""]"
LOGITECH,Z313,"[""40002"", ""CO ALT23""]","[""Sistema de Audio 2.1"", ""Sistema de Audio 2.1""]"
MAGNIMAGE,LED-780H,"[""13066"", ""CO ESC02""]","[""Escalador de Video LED 4K"", ""Escalador de Video LED 780""]"
MICRONIX,S1145,"[""12729"", ""CO ALT25""]","[""Sistema de Audio 2.1"", ""Sistema de Audio 2.1""]"
MICROSOFT,LIFECAM STUDIO,"[""11233"", ""13097""]","[""Camara Web"", ""Camara Computador""]"
MIDAS,DL 32,"[""40591"", ""CO AUD15""]","[""Multipar Digital 32x16 Midas"", ""Snake digital DL 32""]"
MIDAS,M32,"[""40590"", ""CO COA01""]","[""Consola de Audio Digital 32Ch 16B"", ""Consola digital de audio 32Ch I M32""]"
MIPRO,ACT-707S,"[""10740"", ""12588""]","[""Receptor de micrófono inalámbrico M"", ""Receptor de micrófono inalámbrico M""]"
MIPRO,ACT707,"[""10240"", ""12589""]","[""Microfono inalambrico volante M"", ""Microfono inalambrico Headset""]"
NEC,E585,"[""12796"", ""12797""]","[""Monitor 58 Pulgadas"", ""(D.S.) Monitor de 58 pulgadas""]"
NEC,M-260X,"[""11074"", ""XXX2013""]","[""Proyector 2.600 Ansilumenes / Formato 4:3 / XGA LCD"", ""Proyector 2.600 Ansilumenes / Formato 4:3 / XGA LCD""]"
NEC,M-282X,"[""12355"", ""12366""]","[""Proyector 2.800 Ansilumenes /Formato 4:3 / XGA LCD"", ""Proyector 2.800 Ansilumenes /Formato 4:3 / XGA LCD""]"
NEC,M-300X,"[""PE PRY17"", ""PE PRY19""]","[""Proyector 3000 ansi XGA"", ""Proyector 3500 Ansi Llumenes 4:3""]"
NEC,M-311X,"[""12089"", ""13253""]","[""Proyector 3.100 Ansilumenes / Formato 4:3 / XGA LCD"", ""Proyector 3.100 Ansilumenes / Formato 4:3 / XGA LCD""]"
NEC,M-322X,"[""12298"", ""W46E67455546""]","[""Proyector 3.200 Ansilumenes / Formato 4:3 / XGA DLP"", ""Proyector 3200 Ansi Lumenes 4:3""]"
NEC,NP-410,"[""10949"", ""PE PRY09""]","[""Proyector 2.600 Ansilumenes / Formato 4:3 / XGA LCD"", ""Proyector 2600 Ansi Lumenes 4:3""]"
NEC,NP-M402X,"[""12299"", ""12367""]","[""Proyector 4.000 Ansilumenes / Formato 4:3 / XGA DLP"", ""Proyector 4.000 Ansilumenes / Formato 4:3 / XGA DLP""]"
NEC,NP-M430WL,"[""13398"", ""2233232443431112"", ""PE PRY11"", ""XXX0113""]","[""Proyector NEC"", ""Proyector de sala"", ""Proyector 4300 Ansi Lumenes en sala"", ""Proyector de Sala""]"
NEC,NP-ME361W,"[""30002"", ""CO PRY21""]","[""Proyector 3.600 Ansilumenes / Formato 16:10/WXGA LCD"", ""Proyector 3.600 lm | Formato 16:10""]"
NEC,NP-ME401W,"[""30080"", ""CO PRY22""]","[""Proyector 4.000 Ansilumenes / Formato 16:10 / WXGA LCD"", ""Proyector 4.000 lm | Formato 16:10""]"
NEC,NP-P501X,"[""12176"", ""CO PRY39""]","[""Proyector 5.000 Ansilumenes / Formato 4:3 / XGA LCD"", ""Proyector 5.000 lm""]"
NEC,NP-VE303X,"[""CO PRY23"", ""PE PRY18""]","[""Proyector 3.000 lm LCD | Formato 4:3"", ""Proyector 3000 Ansi Lumenes 4:3""]"
NEC,PA-500U,"[""12581"", ""CO PRY18""]","[""Proyector de 5000 ansilumenes"", ""Proyector 5.000 lm""]"
NEC,PA-600X,"[""11133"", ""11519"", ""CO PRY04"", ""PE PRY20""]","[""Proyector 6.000 Ansilumenes / Formato 4:3 / XGA LCD"", ""Proyector 6.000 Ansilumenes / Formato 4:3 / XGA LCD"", ""Proyector 6.000 lm | Formato 4:3"", ""Proyector 6000 Ansi Lumenes 4:3""]"
NEC,VT-48,"[""10815"", ""10900""]","[""(PROBAR)Proyector 2000 Ansilumenes con cable VGA y de poder"", ""Proyector de 2000 ansilúmenes (uso Anf)""]"
NOVASTAR,MCTRL300,"[""12991"", ""CO PRV04""]","[""Procesador de Video LED (1.3 MPixeles)"", ""Procesador de Video LED 300""]"
NOVASTAR,MCTRL660,"[""12565"", ""CO PRV02""]","[""Procesador de Video LED (2.6 Mpixeles Cascading)"", ""Procesador de Video LED 660 | Novastar""]"
NOVASTAR,VX600,"[""PE PRV06"", ""PROCLED600""]","[""Procesador de video - VX600"", ""controlador todo en uno led, 3.9 Millones de Pixeles (6 PUERTOS)""]"
OKI,B4100,"[""12064"", ""12277""]","[""Impresora Laser B/N"", ""Impresora Laser B/N""]"
POLARLIGTH,PL-M003,"[""PE ILU14"", ""XXX167""]","[""Consola DMX 512"", ""Consola de Luces DMX - Control DMX 512""]"
POLYCOM,HDX7000,"[""12029"", ""CO ACC46"", ""VICONPIM""]","[""Unidad de control sistema Videoconferencia"", ""Unidad de control multipunto sistema de videoconferencia"", ""Unidad de Control Multipunto Sistema de Videoconferencia""]"
POLYCOM,SOUNDSTATION DUO,"[""CO ACC68"", ""PE MISC10""]","[""Telefono Conferencia | Polycom"", ""Telefono Conferencia""]"
PRESONUS,STUDIOLIVE 16.0.2,"[""12187"", ""12832""]","[""Consola Digital Presonus"", ""Consola Digital Presonus""]"
PROSKIT,MASTER MT-7051N,"[""40710"", ""CO ACC19""]","[""Probador de Cables de Red RJ45+ RJ11"", ""Probador de Cables de Red RJ45+ RJ11""]"
PTN,PA2B,"[""40504"", ""CO AMPA08""]","[""Amplificador de Linea Audio"", ""Amplificador de linea 2x20""]"
QSC,RMX 1450,"[""10085"", ""CO AMPA02""]","[""Amplificador de audio"", ""Amplificador de audio""]"
QSC,RMX 2450,"[""PA AUD02"", ""PE AMP04""]","[""Amplificador de audio"", ""Amplificador de audio 2400 W""]"
QSC,RMX 4050,"[""10086"", ""PE AMP06""]","[""Amplificador de audio QSC 4050"", ""Amplificador de audio grande para S.A.""]"
QSC,RMX4050,"[""10655"", ""PE AMP05""]","[""Amplificador de audio grande para S.A."", ""Amplificador de audio grande para S.A.""]"
RADIAL,SB2,"[""13096"", ""CAJDIRSB""]","[""Caja Directa"", ""Caja Directa""]"
RADIAL,X- AMP STUDIO,"[""6025"", ""CO CAD06""]","[""Caja Directa - Reamper"", ""Caja Directa Activa Reamper""]"
RIGE,S/M,"[""11842"", ""11856""]","[""Par LED cortos negros"", ""Piso LED controlador para DMX pista baile 36 METROS""]"
ROLAND,V-1HD,"[""60605"", ""PA VID02"", ""SK162790641""]","[""Switcher Video Roland HDMI"", ""Switcher de video Roland V-1HD"", ""Switch de Video HDMI""]"
RUTHER,DRAPE 200,"[""PE ILU04"", ""SK159449036""]","[""Fresnel LED"", ""Fesnel LED 1KW""]"
S/M,S/M,"[""11847"", ""11848"", ""11849"", ""11850"", ""11851"", ""11853"", ""11855""]","[""Barra de fierro"", ""Base para foco"", ""Muela de ajuste chica"", ""Muela de ajuste mediana"", ""Muela de ajuste grande"", ""Teclera para luces"", ""Cordon trifasico chucos Rojos""]"
S/N,S/N,"[""11845"", ""11854"", ""12363"", ""12364"", ""12733""]","[""Bola espejo disco grande 20\""\"""", ""Cable multipar de energia de 12 canales"", ""Bola espejo disco grande 18\""\"""", ""Bola espejo disco grande 50\""\"""", ""Bola espejo disco grande 16\""\"" + Motor""]"
SAMSUNG,4003,"[""11238"", ""PE MON27""]","[""Pantalla LED 32\""\"""", ""Monitor 32\""\"" Led""]"
SAMSUNG,S22F350FHL,"[""MON 22\""\"""", ""MONITOR 22\""\""""]","[""Montor 22\""\"" Full HD"", ""Monitor 22\""\"" (uso exclusivo Digital Signage Hotel Regal Pacific)""]"
SAMSUNG,S24R35AFHN,"[""14392"", ""PE MON20""]","[""Monitor 24\""\"""", ""Monitor 24\""\""""]"
SAMSUNG,S3 24'',"[""PA PAN02"", ""PA PAN03""]","[""Pantalla 24\""\"""", ""Pantalla 49\""\""""]"
SAMSUNG,UM55EH6000,"[""11571"", ""PE MON35""]","[""Monitor LedTV 55\""\"" con cable HDMI, cable poder y control remoto"", ""Monitor 55\""\"" Samsung""]"
SAMSUNG,UN65MU6100,"[""90001"", ""CO PAN32""]","[""Pantalla TV 65\""\"" 4K"", ""Pantalla 65\""\""""]"
SAMSUNG,UN75NU7090P,"[""PA PAN09"", ""PA PAN10""]","[""Pantalla 75\""\"""", ""Pantalla 85\""\""""]"
SATECHI,ST-CMBPM,"[""14667"", ""PE ADA01""]","[""Convertidor USB C HDMI"", ""Adaptador USB C - HDMI""]"
SENNHEISER,ADP UHF,"[""ANTDISTSENN"", ""DISTANTSENN""]","[""Antena direcional Pasiva UHF para microfonia Sennheiser"", ""Kit Distribiucion de Antenas para Microfonia  UHF (Sennheiser)""]"
SENNHEISER,E604,"[""12302"", ""CL MIC 02""]","[""Microfono Cardioide Instrumental para tambor"", ""Microfono Alambrico Dinamico Bateria""]"
SHURE,BETA 57,"[""12301"", ""12599""]","[""Microfono Alambrico"", ""Microfono Alambrico Dinamico Vocal""]"
SHURE,BETA 58A,"[""12517"", ""PE MIC19""]","[""Microfono Alambrico Dinamico Vocal"", ""Microfono Dinamico Alambrico Vocal 58A negro""]"
SHURE,BLX1288/P31-J10,"[""5009"", ""5012"", ""5013""]","[""Microfono Inalambrico de Mano"", ""Microfono Inalambrico Solapa"", ""Receptor Inalambrico""]"
SHURE,MX412DC,"[""10368"", ""CO MIC02""]","[""Microfono Cuello de Ganso 12\""\"""", ""Microfono Cuello de Ganso 12\""\""""]"
SHURE,MX418D/C,"[""02030405"", ""606051"", ""CHANGE1"", ""CO MIC04""]","[""Micrófono de Podio 18\""\"""", ""Microfono Cuello de Ganso 18''"", ""Microfono de Podio 18\""\"""", ""Microfono Cuello de Ganso 18''""]"
SHURE,PG,"[""11246"", ""11790"", ""CO MIC06"", ""CO MIC07"", ""PE MIC22""]","[""Micrófono Inalámbrico Volante/Mano PG"", ""Microfono Inalambrico Lavalier / Solapa PG"", ""Microfono Inalámbrico de Mano PG"", ""Microfono Inalámbrico de Solapa PG"", ""Micrófono PG Mano""]"
SHURE,PG30TQG,"[""123508"", ""13867""]","[""Microfono Headset"", ""Microfono Headset (con salida mini plug)""]"
SHURE,PG4,"[""40750"", ""CO REM01""]","[""Receptor Inalambrico Mic Shure Pgxd"", ""Receptor inalámbrico para microfono PG""]"
SHURE,PGDMK6,"[""11821"", ""12519"", ""PE MIC27""]","[""Set de bateria PGDMK6"", ""Kit de bateria de 6 micrófonos"", ""Kit de Bateria de 6 Microfonos""]"
SHURE,PGX4,"[""11526"", ""PE MIC10""]","[""Receptor Inalambrico Mic Shure PG"", ""Receptor PG""]"
SHURE,QLDX4,"[""PE MIC14"", ""XXX224""]","[""Receptor QLX"", ""Receptor Inalambrico QLX""]"
SHURE,QLX,"[""DFJUFTJKSHSD"", ""XXX039"", ""XXX040"", ""XXX041""]","[""Microfono de Mano Volante QLX"", ""Microfono Inalambrico Volante/Mano QLX"", ""Microfono Inalambrico Lavalier/Solapa QLX"", ""Microfono Inalambrico Lavalier / Solapa QLX""]"
SHURE,QLXD1,"[""12573"", ""PE MIC07"", ""XXX216""]","[""Microfono Inalambrico Lavalier / Solapa"", ""Microfono Solapa QLX"", ""Micrófono Inalámbrico de Solapa QLX   BORRAR""]"
SHURE,QLXD4,"[""12577"", ""CO REM04"", ""XXX333""]","[""Receptor de micrófono Shure QLXD"", ""Receptor inalámbrico para microfono QLXD"", ""Receptor para microfono Inalambrico QLXD4""]"
SHURE,SB903,"[""41151"", ""CO ACC59"", ""PE MIC09""]","[""Baterias recargables para microfono"", ""Bateria recargable para microfono SLXD"", ""Bateria de MicrofonIa SLXD4""]"
SHURE,SBC200,"[""PE ACC36"", ""XXX204""]","[""Cargador Doble Shure sin Fuente"", ""Cargador Doble Shure sin Fuente""]"
SHURE,SBC200-US,"[""PE ACC35"", ""PE MIC23"", ""XXX177"", ""XXX203""]","[""Cargador Doble Shure con Fuente"", ""Bateria de Microfonia QLX"", ""Bateria Recargable Inteligente"", ""Cargador Doble Shure con Fuente""]"
SHURE,SLX,"[""12954"", ""12955"", ""PE MIC02"", ""PE MIC12""]","[""Microfono Inalambrico de Podio"", ""Receptor Inalambrico para Micro de Podio"", ""Microfono Solapa SLX"", ""Microfono Mano SLX""]"
SHURE,SLX-1,"[""10367"", ""CO MIC09""]","[""Microfono Inalambrico Lavalier / Solapa SLX"", ""Microfono Inalámbrico de Solapa SLX""]"
SHURE,SLX-2,"[""11231"", ""11580"", ""CO MIC08""]","[""Microfono Inalambrico Volante/Mano SLX"", ""Micrófono Inalámbrico de Mano"", ""Microfono Inalámbrico de Mano SLX""]"
SHURE,SLX-4,"[""11901"", ""CO REM03""]","[""Receptor Inalambrico Mic Shure SLX"", ""Receptor inalámbrico para microfono SLX""]"
SHURE,SLXD-1,"[""CO MIC13"", ""PE MIC13""]","[""Microfono Inalámbrico de Solapa SLXD"", ""Microfono Solapa SLXD""]"
SHURE,SLXD-2,"[""CO MIC14"", ""PE MIC01""]","[""Microfono Inalambrico de Mano SLXD"", ""Microfono Mano SLXD4""]"
SHURE,SLXD-4,"[""CO REM07"", ""PE MIC11""]","[""Receptor inalambrico para microfono SLXD"", ""Receptor SLX""]"
SHURE,SM-57,"[""10739"", ""CO MIC21"", ""PE MIC18""]","[""Microfono Alambrico Dinamico"", ""Microfono Alámbrico Dinámico"", ""Microfono Dinamico Alambrico 57""]"
SHURE,SM-58,"[""10063"", ""CO MIC01"", ""PE MIC17""]","[""Microfono Alambrico Dinámico"", ""Microfono Alámbrico Dinámico"", ""Microfono Dinamico Alambrico 58 griss""]"
SHURE,UA802,"[""CO CAB02"", ""F004""]","[""Cable Coaxial para antena 60 mts"", ""Cable BNC M-M 60 mts""]"
SHURE,UA8100,"[""78898"", ""CO CAB14"", ""F003"", ""XXX217""]","[""Cable Coaxial Shure"", ""Cable Coaxial para antena 30 mts"", ""Cable BNC M-M 30 mts"", ""Cable Coaxial 30metros""]"
SHURE,UA844SWB,"[""13255"", ""CO ANT01""]","[""Distribuidor de antenas (4 Mic)"", ""Distribuidor de antenas""]"
SHURE,UA850,"[""CO CAB16"", ""F002""]","[""Cable Coaxial para antena 15 mts"", ""Cable BNC M-M 15 mts""]"
SHURE,UA874US,"[""11893"", ""CO ANT02"", ""PE ANT04"", ""XXX202""]","[""Antena direccional de Banda Ancha"", ""Antena activa Shure"", ""Antena direccional de Banda Ancha"", ""Antena Activa Direccional""]"
SHURE,UA874WB,"[""40699"", ""CO ANT04""]","[""Antena Activa Direccional"", ""Antena activa Shure""]"
SHURE,WCE6TD,"[""12244"", ""CO MIC05""]","[""Capsula  de Cintillo"", ""Microfono de Diadema  tipo countryman""]"
SING,STC662,"[""10742"", ""10770""]","[""Radiador infrarrojo de señal digital"", ""Receptor de señal infrarrojo""]"
SM,SM,"[""13183"", ""XXX173""]","[""Extender HDMI por RJ 45 hasta 60 mts"", ""EXTENSOR VGA POR RJ45 CAT.5 HASTA 300M.""]"
SONY,AWG-S500,"[""10091"", ""11122""]","[""Estación de Television movil Anycast Analoga"", ""Estacion de Televisión Full HD Anycast""]"
SONY,ECM-530,"[""11486"", ""11640""]","[""Microfono de Podio 15\""\"" para S.A."", ""Micrófono de podium Sony""]"
SONY,KDL-60W605B,"[""12931"", ""MONTV60S""]","[""Pantalla led 60\""\"", Full HD"", ""Pantalla led 60\""\"", Full HD""]"
SONY,MCS-8M,"[""11515"", ""PE PRV13""]","[""Switcher Profesional Sony"", ""Switcher Profesional Sony""]"
SONY,SBS-64G1A,"[""11518"", ""PE ACC42""]","[""Memoria SXS 64Gb"", ""Memoria SXS 64Gb""]"
SONY,URX-R1,"[""10243"", ""11100""]","[""Receptor de micrófono inalámbrico S"", ""Receptor de micrófono inalámbrico para S.A.""]"
SOUNDKING,AM401,"[""11585"", ""CO CAD02""]","[""Caja Directa Activa"", ""Caja Directa Activa""]"
STEREN,BAF-006,"[""40434"", ""CO CAD05""]","[""Cajas Directa Activa"", ""Caja Directa Activa""]"
SYMBOL,STB4278,"[""12768"", ""PE ACC48""]","[""Base Lector Codigo Barra"", ""Lector Inalambrico Codigo Barra USB""]"
TAIDEN,CBL6PS-05,"[""12755"", ""12755.1"", ""7678""]","[""Cable Extension 5Mts, 6 pines"", ""Cable Extension Sistema Taiden 5Mts, 6 pines"", ""Cable extension para microfonos de debate 5 mts""]"
TAIDEN,CBL6PS-10,"[""12756.1"", ""6595""]","[""Cable Extension Sistema Taiden 10Mts, 6 pines"", ""Cable extension para microfonos de debate 10 mts""]"
TAIDEN,CBL6PS-20,"[""12757"", ""12757.1""]","[""Cable Extension 20Mts, 6 pines"", ""Cable Extension Sistema Taiden 20Mts, 6 pines""]"
TAIDEN,HCS,"[""PE MIC20"", ""XXX330"", ""XXX331"", ""XXX332""]","[""Micrófono de debate (Presidente)"", ""Unidad de Control de Debate"", ""Unidad de expansión de debate"", ""Unidad de control de debate con toma de palabra""]"
TAIDEN,HCS-4100MB/50,"[""12540"", ""PE AUD02""]","[""Unidad Control y Procesador Digital Sistema Debate HCS-4100MB/50"", ""Unidad Control y Procesador Digital Sistema Debate HCS-4100MB/50""]"
TAIDEN,HCS-4338DS/50,"[""12560"", ""60602"", ""PE MIC15""]","[""Microfono de Debate Delegado"", ""Microfono de debate"", ""Microfono de Debate Delegado""]"
TAIDEN,HCS-5100RA/08,"[""10922"", ""PE AUD36""]","[""Receptor de señal infrarrojo"", ""Receptor de señal infrarrojo para Audifonos""]"
TAIDEN,HCS-5302D_G/80,"[""PE MIC21"", ""XXX317""]","[""Micrófono de debate (delegado)"", ""Microfono de Debate""]"
TAIDEN,HCS-826/04_YS,"[""12203"", ""12347"", ""SK222310472""]","[""Receptor de Señal Infrarroja Analoga"", ""Receptor de Señal Infrarroja Analoga"", ""Receptor de Señal Infrarroja Analoga""]"
TAIDEN,HCS-8300ME,"[""12541"", ""PE AUD15""]","[""Distribuidor para Unidad Control Sistema Debate HCS-4100MB/50"", ""Distribuidor para Unidad Control Sistema Debate HCS-4100MB/50""]"
TAIDEN,HCS-850PB/10,"[""10923"", ""11281"", ""11784"", ""12201"", ""PE SOP28""]","[""Pupitre de intérprete analogo doble"", ""Unidad de intéprete para 12 canales"", ""Consola para 2 interpretes, hasta 12 idiomas"", ""Pupitre de intérprete Analogo doble"", ""Pupitre de intérprete analogo doble""]"
THONET & VANDER,GERMANY SPIEL,"[""40450"", ""CO ALT21""]","[""Parlantes"", ""Sistema de audio 2.1""]"
TRIPP-LITE,B130-101A,"[""6023"", ""CO EXT01"", ""ERJVGAT1""]","[""Extensor Receptor RJ45 / VGA"", ""Extensor Conversor Receptor RJ45 a VGA"", ""Extensor Transmisor RJ45 / VGA""]"
TURBOSOUND,IP1000,"[""PE BOC08"", ""PE BOC16""]","[""Parlante IP1000 Turbosound"", ""Parlante Pasivo 300 Watts""]"
UGREEN,CM586,"[""CL VID 02"", ""PE CAM11""]","[""Transmisor Inalambrico 4K/30HZ / VGA 1080P Hasta 50M"", ""Transmisor Inalambrico HDMI""]"
VDWALL,605S,"[""12566"", ""PE PRV10""]","[""Escalador Switcher de Video 605"", ""Escalador Switcher de Video 605""]"
VIVITEK,DW886,"[""20000"", ""CO PRY36""]","[""Proyector 3.800 Alms WXGA"", ""Proyector 3.800 lm""]"
VIVITEK,DX813,"[""12827"", ""PE PRY14""]","[""Proyector 3.600 Ansilumenes / Formato 4:3 / XGA LCD"", ""Proyector 3600 Ansi Lumenes 4:3""]"
VOLX,VX10BK,"[""12110"", ""12111""]","[""Tablet de 10\""\"""", ""Tablet 10\""\""""]"
VUTEC,ECONOPRO,"[""11363"", ""XXX126"", ""XXX143""]","[""Ecran 1.52 x 2.03 mts eléctrico"", ""Ecran Trípode 1.80 x 1.80 mts."", ""Ecran Trípode de 2.40x240 mts""]"
VUTEC,LECTRIC,"[""11360"", ""11361""]","[""Ecran 2,656 x 1,494 mts eléctrico"", ""Ecran 3.65 x 2.01 mts eléctrico""]"
VUTEC,MECANO,"[""PE ECR02"", ""PE ECR03"", ""XXX176"", ""XXX311""]","[""Ecran Mecano 2.40 x 1.80 mts"", ""Ecran Mecano 3 x 4 mts"", ""Ecran Mecano 3 x 4 mts"", ""Ecran de proyección frontal de 1.80 x 2.40 mts.""]"
VUTEC,PORTA FOLD,"[""11965"", ""11966"", ""11967""]","[""Ecran de proyecccion retro de 180x240"", ""Ecran de proyeccion retro de 3.00 X 2.00 mts"", ""Ecran de proyeccion retro de 3.00X4.00 mts""]"
WHIRLWIND DIRECTOR,IMP2,"[""10712"", ""CO CAD04"", ""PE AUD27""]","[""Caja Directa"", ""Caja Directa Pasiva"", ""Caja Directa Whirlwind""]"
WILD PRO,WP-C48,"[""12602"", ""SK155027236""]","[""CONSOLA DIMMER 24/48CH DMX 512"", ""Consola de Iluminacion DMX Stage 48""]"
XTECH,XTK-300S,"[""10356"", ""10358""]","[""Teclado Alambrico Computador Escritorio"", ""Mouse Alambrico""]"
YAMAHA,MG16XU,"[""50093"", ""PE AUD40""]","[""Consola de Audio Analoga 16x4x4"", ""Consola16 Canales Yamaha""]"
YAMAHA,TF3,"[""13089"", ""PA COA06""]","[""Consola de Audio Digital 24 Ch"", ""Consola de audio digital 24 canales""]"
YAMAHA,TF5,"[""10305"", ""51010"", ""CO COA02""]","[""Consola de Audio Digital 48X20X16"", ""Consola Digital 32 Canales"", ""Consola de audio digital 32Ch I TF5""]"
YAMAHA,TIO1608-D,"[""10043"", ""CO AUD20""]","[""Interfaz Dante Rack 16 X 4"", ""Interfaz Dante para microfoneria 16 entradas""]"
ZEBRA TECHNOLOGIES,ZT410,"[""12769"", ""PE IMP03""]","[""Impresora Codigo de Barra"", ""Impresora Codigo de Barra Zebra""]"
