campo,Product ID,valores
CANRENT,10354,"[""NOTRENTABLE"", ""RENTABLE""]"
CANRENT,10355,"[""NOTRENTABLE"", ""RENTABLE""]"
CANRENT,10554,"[""NOTRENTABLE"", ""RENTABLE""]"
CANRENT,10749,"[""NOTRENTABLE"", ""RENTABLE""]"
CANRENT,10765,"[""RENTABLE"", ""NOTRENTABLE""]"
CANRENT,10848,"[""RENTABLE"", ""NOTRENTABLE""]"
CANRENT,11013,"[""NOTRENTABLE"", ""RENTABLE""]"
CANRENT,11040,"[""NOTRENTABLE"", ""RENTABLE""]"
CANRENT,11134,"[""NOTRENTABLE"", ""RENTABLE""]"
CANRENT,11351,"[""NOTRENTABLE"", ""RENTABLE""]"
CANRENT,11432,"[""NOTRENTABLE"", ""RENTABLE""]"
CANRENT,11467,"[""NOTRENTABLE"", ""RENTABLE""]"
CANRENT,11479,"[""NOTRENTABLE"", ""RENTABLE""]"
CANRENT,12114,"[""NOTRENTABLE"", ""RENTABLE""]"
CANRENT,12145,"[""NOTRENTABLE"", ""RENTABLE""]"
CANRENT,12157,"[""NOTRENTABLE"", ""RENTABLE""]"
CANRENT,12159,"[""RENTABLE"", ""NOTRENTABLE""]"
CANRENT,12181,"[""NOTRENTABLE"", ""RENTABLE""]"
CANRENT,12494,"[""RENTABLE"", ""NOTRENTABLE""]"
CANRENT,124955,"[""NOTRENTABLE"", ""RENTABLE""]"
CANRENT,12583,"[""NOTRENTABLE"", ""RENTABLE""]"
CANRENT,12771,"[""NOTRENTABLE"", ""RENTABLE""]"
CANRENT,12801,"[""RENTABLE"", ""NOTRENTABLE""]"
CANRENT,12949,"[""RENTABLE"", ""NOTRENTABLE""]"
CANRENT,13512,"[""NOTRENTABLE"", ""RENTABLE""]"
CANRENT,18497,"[""RENTABLE"", ""NOTRENTABLE""]"
CANRENT,4171,"[""RENTABLE"", ""NOTRENTABLE""]"
CANRENT,CO ACC14,"[""RENTABLE"", ""NOTRENTABLE""]"
CANRENT,CO AUT07,"[""NOTRENTABLE"", ""RENTABLE""]"
CANRENT,CO PRY01,"[""RENTABLE"", ""NOTRENTABLE""]"
CANRENT,PE ACC27,"[""NOTRENTABLE"", ""RENTABLE""]"
CANRENT,PE HER02,"[""RENTABLE"", ""NOTRENTABLE""]"
CANRENT,PE IMP02,"[""NOTRENTABLE"", ""RENTABLE""]"
CANRENT,PE KWS44,"[""RENTABLE"", ""NOTRENTABLE""]"
CANRENT,PE MON02,"[""NOTRENTABLE"", ""RENTABLE""]"
CANRENT,PE MON03,"[""RENTABLE"", ""NOTRENTABLE""]"
CANRENT,PE MON05,"[""RENTABLE"", ""NOTRENTABLE""]"
CANRENT,PE SOP02,"[""NOTRENTABLE"", ""RENTABLE""]"
CANRENT,PE SOP03,"[""NOTRENTABLE"", ""RENTABLE""]"
CANRENT,XXX128,"[""RENTABLE"", ""NOTRENTABLE""]"
CANRENT,XXX309,"[""NOTRENTABLE"", ""RENTABLE""]"
CANSELL,10003,"[""SELLABLE"", ""NOTSELLABLE""]"
CANSELL,10004,"[""NOTSELLABLE"", ""SELLABLE""]"
CANSELL,10017,"[""NOTSELLABLE"", ""SELLABLE""]"
CANSELL,10038,"[""NOTSELLABLE"", ""SELLABLE""]"
CANSELL,10043,"[""NOTSELLABLE"", ""SELLABLE""]"
CANSELL,10045,"[""NOTSELLABLE"", ""SELLABLE""]"
CANSELL,10099,"[""NOTSELLABLE"", ""SELLABLE""]"
CANSELL,10162,"[""NOTSELLABLE"", ""SELLABLE""]"
CANSELL,10193.1,"[""NOTSELLABLE"", ""SELLABLE""]"
CANSELL,10209,"[""NOTSELLABLE"", ""SELLABLE""]"
CANSELL,10257,"[""NOTSELLABLE"", ""SELLABLE""]"
CANSELL,10277,"[""NOTSELLABLE"", ""SELLABLE""]"
CANSELL,10354,"[""NOTSELLABLE"", ""SELLABLE""]"
CANSELL,10355,"[""NOTSELLABLE"", ""SELLABLE""]"
CANSELL,10368,"[""NOTSELLABLE"", ""SELLABLE""]"
CANSELL,10373,"[""NOTSELLABLE"", ""SELLABLE""]"
CANSELL,10391,"[""NOTSELLABLE"", ""SELLABLE""]"
CANSELL,10575,"[""SELLABLE"", ""NOTSELLABLE""]"
CANSELL,10588,"[""NOTSELLABLE"", ""SELLABLE""]"
CANSELL,10597.1,"[""NOTSELLABLE"", ""SELLABLE""]"
CANSELL,10609,"[""SELLABLE"", ""NOTSELLABLE""]"
CANSELL,10614,"[""NOTSELLABLE"", ""SELLABLE""]"
CANSELL,10648,"[""SELLABLE"", ""NOTSELLABLE""]"
CANSELL,10662,"[""SELLABLE"", ""NOTSELLABLE""]"
CANSELL,10665,"[""SELLABLE"", ""NOTSELLABLE""]"
CANSELL,10667,"[""SELLABLE"", ""NOTSELLABLE""]"
CANSELL,10688,"[""SELLABLE"", ""NOTSELLABLE""]"
CANSELL,10712.1,"[""NOTSELLABLE"", ""SELLABLE""]"
CANSELL,10804,"[""NOTSELLABLE"", ""SELLABLE""]"
CANSELL,10848,"[""SELLABLE"", ""NOTSELLABLE""]"
CANSELL,10965,"[""NOTSELLABLE"", ""SELLABLE""]"
CANSELL,10994,"[""SELLABLE"", ""NOTSELLABLE""]"
CANSELL,11013,"[""NOTSELLABLE"", ""SELLABLE""]"
CANSELL,11059,"[""NOTSELLABLE"", ""SELLABLE""]"
CANSELL,11104,"[""SELLABLE"", ""NOTSELLABLE""]"
CANSELL,11134,"[""NOTSELLABLE"", ""SELLABLE""]"
CANSELL,11140,"[""NOTSELLABLE"", ""SELLABLE""]"
CANSELL,11159,"[""NOTSELLABLE"", ""SELLABLE""]"
CANSELL,11179,"[""NOTSELLABLE"", ""SELLABLE""]"
CANSELL,11180,"[""NOTSELLABLE"", ""SELLABLE""]"
CANSELL,11181,"[""NOTSELLABLE"", ""SELLABLE""]"
CANSELL,11210,"[""NOTSELLABLE"", ""SELLABLE""]"
CANSELL,11213,"[""NOTSELLABLE"", ""SELLABLE""]"
CANSELL,11217,"[""NOTSELLABLE"", ""SELLABLE""]"
CANSELL,11218,"[""NOTSELLABLE"", ""SELLABLE""]"
CANSELL,11229,"[""NOTSELLABLE"", ""SELLABLE""]"
CANSELL,11231,"[""NOTSELLABLE"", ""SELLABLE""]"
CANSELL,11232,"[""NOTSELLABLE"", ""SELLABLE""]"
CANSELL,11252,"[""NOTSELLABLE"", ""SELLABLE""]"
CANSELL,11307,"[""NOTSELLABLE"", ""SELLABLE""]"
CANSELL,11333,"[""NOTSELLABLE"", ""SELLABLE""]"
CANSELL,11344,"[""NOTSELLABLE"", ""SELLABLE""]"
CANSELL,11347,"[""SELLABLE"", ""NOTSELLABLE""]"
CANSELL,11348,"[""SELLABLE"", ""NOTSELLABLE""]"
CANSELL,11351,"[""NOTSELLABLE"", ""SELLABLE""]"
CANSELL,11354,"[""NOTSELLABLE"", ""SELLABLE""]"
CANSELL,11373,"[""NOTSELLABLE"", ""SELLABLE""]"
CANSELL,11432,"[""NOTSELLABLE"", ""SELLABLE""]"
CANSELL,11467,"[""NOTSELLABLE"", ""SELLABLE""]"
CANSELL,11526,"[""NOTSELLABLE"", ""SELLABLE""]"
CANSELL,11571,"[""NOTSELLABLE"", ""SELLABLE""]"
CANSELL,11703,"[""SELLABLE"", ""NOTSELLABLE""]"
CANSELL,11741,"[""NOTSELLABLE"", ""SELLABLE""]"
CANSELL,11774,"[""NOTSELLABLE"", ""SELLABLE""]"
CANSELL,11790,"[""NOTSELLABLE"", ""SELLABLE""]"
CANSELL,11899,"[""NOTSELLABLE"", ""SELLABLE""]"
CANSELL,11962,"[""SELLABLE"", ""NOTSELLABLE""]"
CANSELL,11979,"[""NOTSELLABLE"", ""SELLABLE""]"
CANSELL,12145,"[""NOTSELLABLE"", ""SELLABLE""]"
CANSELL,12157,"[""NOTSELLABLE"", ""SELLABLE""]"
CANSELL,12159,"[""SELLABLE"", ""NOTSELLABLE""]"
CANSELL,12196,"[""NOTSELLABLE"", ""SELLABLE""]"
CANSELL,12204,"[""NOTSELLABLE"", ""SELLABLE""]"
CANSELL,12244,"[""NOTSELLABLE"", ""SELLABLE""]"
CANSELL,12247,"[""NOTSELLABLE"", ""SELLABLE""]"
CANSELL,12306,"[""SELLABLE"", ""NOTSELLABLE""]"
CANSELL,12316,"[""SELLABLE"", ""NOTSELLABLE""]"
CANSELL,12318,"[""SELLABLE"", ""NOTSELLABLE""]"
CANSELL,12319,"[""SELLABLE"", ""NOTSELLABLE""]"
CANSELL,12320,"[""SELLABLE"", ""NOTSELLABLE""]"
CANSELL,12349,"[""SELLABLE"", ""NOTSELLABLE""]"
CANSELL,12365,"[""NOTSELLABLE"", ""SELLABLE""]"
CANSELL,12378.1,"[""NOTSELLABLE"", ""SELLABLE""]"
CANSELL,12426,"[""NOTSELLABLE"", ""SELLABLE""]"
CANSELL,12443,"[""NOTSELLABLE"", ""SELLABLE""]"
CANSELL,124955,"[""NOTSELLABLE"", ""SELLABLE""]"
CANSELL,12504,"[""NOTSELLABLE"", ""SELLABLE""]"
CANSELL,12532,"[""SELLABLE"", ""NOTSELLABLE""]"
CANSELL,12538,"[""SELLABLE"", ""NOTSELLABLE""]"
CANSELL,12565,"[""NOTSELLABLE"", ""SELLABLE""]"
CANSELL,12573,"[""SELLABLE"", ""NOTSELLABLE""]"
CANSELL,12577,"[""NOTSELLABLE"", ""SELLABLE""]"
CANSELL,12688,"[""SELLABLE"", ""NOTSELLABLE""]"
CANSELL,12771,"[""NOTSELLABLE"", ""SELLABLE""]"
CANSELL,12782.1,"[""NOTSELLABLE"", ""SELLABLE""]"
CANSELL,12783.1,"[""SELLABLE"", ""NOTSELLABLE""]"
CANSELL,12827,"[""NOTSELLABLE"", ""SELLABLE""]"
CANSELL,12949,"[""SELLABLE"", ""NOTSELLABLE""]"
CANSELL,12951,"[""NOTSELLABLE"", ""SELLABLE""]"
CANSELL,13034,"[""NOTSELLABLE"", ""SELLABLE""]"
CANSELL,13037,"[""SELLABLE"", ""NOTSELLABLE""]"
CANSELL,13040,"[""SELLABLE"", ""NOTSELLABLE""]"
CANSELL,13056,"[""SELLABLE"", ""NOTSELLABLE""]"
CANSELL,13059,"[""SELLABLE"", ""NOTSELLABLE""]"
CANSELL,13068,"[""NOTSELLABLE"", ""SELLABLE""]"
CANSELL,13083,"[""NOTSELLABLE"", ""SELLABLE""]"
CANSELL,13092,"[""SELLABLE"", ""NOTSELLABLE""]"
CANSELL,13093,"[""SELLABLE"", ""NOTSELLABLE""]"
CANSELL,13128,"[""SELLABLE"", ""NOTSELLABLE""]"
CANSELL,13133,"[""NOTSELLABLE"", ""SELLABLE""]"
CANSELL,13178,"[""NOTSELLABLE"", ""SELLABLE""]"
CANSELL,13287,"[""NOTSELLABLE"", ""SELLABLE""]"
CANSELL,13512,"[""NOTSELLABLE"", ""SELLABLE""]"
CANSELL,14667,"[""NOTSELLABLE"", ""SELLABLE""]"
CANSELL,15087,"[""SELLABLE"", ""NOTSELLABLE""]"
CANSELL,15442,"[""NOTSELLABLE"", ""SELLABLE""]"
CANSELL,15960,"[""NOTSELLABLE"", ""SELLABLE""]"
CANSELL,19834,"[""NOTSELLABLE"", ""SELLABLE""]"
CANSELL,20050,"[""NOTSELLABLE"", ""SELLABLE""]"
CANSELL,30002,"[""NOTSELLABLE"", ""SELLABLE""]"
CANSELL,30003,"[""NOTSELLABLE"", ""SELLABLE""]"
CANSELL,30022,"[""SELLABLE"", ""NOTSELLABLE""]"
CANSELL,30044,"[""SELLABLE"", ""NOTSELLABLE""]"
CANSELL,30078,"[""NOTSELLABLE"", ""SELLABLE""]"
CANSELL,30096,"[""SELLABLE"", ""NOTSELLABLE""]"
CANSELL,30099,"[""NOTSELLABLE"", ""SELLABLE""]"
CANSELL,40002,"[""NOTSELLABLE"", ""SELLABLE""]"
CANSELL,40019,"[""NOTSELLABLE"", ""SELLABLE""]"
CANSELL,40027,"[""NOTSELLABLE"", ""SELLABLE""]"
CANSELL,4006,"[""NOTSELLABLE"", ""SELLABLE""]"
CANSELL,4007,"[""NOTSELLABLE"", ""SELLABLE""]"
CANSELL,40407,"[""NOTSELLABLE"", ""SELLABLE""]"
CANSELL,40480,"[""NOTSELLABLE"", ""SELLABLE""]"
CANSELL,40515,"[""NOTSELLABLE"", ""SELLABLE""]"
CANSELL,40590,"[""NOTSELLABLE"", ""SELLABLE""]"
CANSELL,40591,"[""NOTSELLABLE"", ""SELLABLE""]"
CANSELL,40620,"[""NOTSELLABLE"", ""SELLABLE""]"
CANSELL,40637,"[""NOTSELLABLE"", ""SELLABLE""]"
CANSELL,40750,"[""NOTSELLABLE"", ""SELLABLE""]"
CANSELL,40799,"[""NOTSELLABLE"", ""SELLABLE""]"
CANSELL,45216,"[""SELLABLE"", ""NOTSELLABLE""]"
CANSELL,45244,"[""NOTSELLABLE"", ""SELLABLE""]"
CANSELL,4561658,"[""SELLABLE"", ""NOTSELLABLE""]"
CANSELL,50003,"[""NOTSELLABLE"", ""SELLABLE""]"
CANSELL,50004,"[""SELLABLE"", ""NOTSELLABLE""]"
CANSELL,5002,"[""NOTSELLABLE"", ""SELLABLE""]"
CANSELL,5007,"[""NOTSELLABLE"", ""SELLABLE""]"
CANSELL,5008,"[""NOTSELLABLE"", ""SELLABLE""]"
CANSELL,5012,"[""NOTSELLABLE"", ""SELLABLE""]"
CANSELL,5013,"[""NOTSELLABLE"", ""SELLABLE""]"
CANSELL,51020,"[""NOTSELLABLE"", ""SELLABLE""]"
CANSELL,55236,"[""NOTSELLABLE"", ""SELLABLE""]"
CANSELL,60121,"[""SELLABLE"", ""NOTSELLABLE""]"
CANSELL,6023,"[""NOTSELLABLE"", ""SELLABLE""]"
CANSELL,76554,"[""NOTSELLABLE"", ""SELLABLE""]"
CANSELL,80000,"[""SELLABLE"", ""NOTSELLABLE""]"
CANSELL,80001,"[""SELLABLE"", ""NOTSELLABLE""]"
CANSELL,80003,"[""SELLABLE"", ""NOTSELLABLE""]"
CANSELL,90000,"[""NOTSELLABLE"", ""SELLABLE""]"
CANSELL,90035,"[""NOTSELLABLE"", ""SELLABLE""]"
CANSELL,90050,"[""SELLABLE"", ""NOTSELLABLE""]"
CANSELL,90051,"[""SELLABLE"", ""NOTSELLABLE""]"
CANSELL,90086,"[""NOTSELLABLE"", ""SELLABLE""]"
CANSELL,90091,"[""NOTSELLABLE"", ""SELLABLE""]"
CANSELL,90092,"[""NOTSELLABLE"", ""SELLABLE""]"
CANSELL,91002,"[""SELLABLE"", ""NOTSELLABLE""]"
CANSELL,91003,"[""SELLABLE"", ""NOTSELLABLE""]"
CANSELL,91004,"[""SELLABLE"", ""NOTSELLABLE""]"
CANSELL,955,"[""NOTSELLABLE"", ""SELLABLE""]"
CANSELL,987454,"[""NOTSELLABLE"", ""SELLABLE""]"
CANSELL,ARENA DISPLAY,"[""NOTSELLABLE"", ""SELLABLE""]"
CANSELL,CABMEN9L10,"[""SELLABLE"", ""NOTSELLABLE""]"
CANSELL,CABVGA05.1,"[""SELLABLE"", ""NOTSELLABLE""]"
CANSELL,CHANGE1,"[""NOTSELLABLE"", ""SELLABLE""]"
CANSELL,CL KMET 01,"[""SELLABLE"", ""NOTSELLABLE""]"
CANSELL,CL MIC 03,"[""SELLABLE"", ""NOTSELLABLE""]"
CANSELL,CO ACC02,"[""NOTSELLABLE"", ""SELLABLE""]"
CANSELL,CO ACC14,"[""NOTSELLABLE"", ""SELLABLE""]"
CANSELL,CO ACC32,"[""NOTSELLABLE"", ""SELLABLE""]"
CANSELL,CO ACC38,"[""NOTSELLABLE"", ""SELLABLE""]"
CANSELL,CO ACC47,"[""NOTSELLABLE"", ""SELLABLE""]"
CANSELL,CO ACC75,"[""NOTSELLABLE"", ""SELLABLE""]"
CANSELL,CO ACC80,"[""NOTSELLABLE"", ""SELLABLE""]"
CANSELL,CO ACC82,"[""NOTSELLABLE"", ""SELLABLE""]"
CANSELL,CO ADM01,"[""SELLABLE"", ""NOTSELLABLE""]"
CANSELL,CO ADM02,"[""NOTSELLABLE"", ""SELLABLE""]"
CANSELL,CO ADM03,"[""SELLABLE"", ""NOTSELLABLE""]"
CANSELL,CO ADM05,"[""NOTSELLABLE"", ""SELLABLE""]"
CANSELL,CO ADM07,"[""NOTSELLABLE"", ""SELLABLE""]"
CANSELL,CO ALT05,"[""NOTSELLABLE"", ""SELLABLE""]"
CANSELL,CO ALT08,"[""NOTSELLABLE"", ""SELLABLE""]"
CANSELL,CO ALT11,"[""NOTSELLABLE"", ""SELLABLE""]"
CANSELL,CO ALT24,"[""NOTSELLABLE"", ""SELLABLE""]"
CANSELL,CO ALT25,"[""NOTSELLABLE"", ""SELLABLE""]"
CANSELL,CO ALT26,"[""NOTSELLABLE"", ""SELLABLE""]"
CANSELL,CO ALT27,"[""NOTSELLABLE"", ""SELLABLE""]"
CANSELL,CO ALT28,"[""NOTSELLABLE"", ""SELLABLE""]"
CANSELL,CO ALT29,"[""NOTSELLABLE"", ""SELLABLE""]"
CANSELL,CO ALT30,"[""NOTSELLABLE"", ""SELLABLE""]"
CANSELL,CO ALT31,"[""NOTSELLABLE"", ""SELLABLE""]"
CANSELL,CO ALT34,"[""NOTSELLABLE"", ""SELLABLE""]"
CANSELL,CO AMPA02,"[""NOTSELLABLE"", ""SELLABLE""]"
CANSELL,CO AMPA07,"[""NOTSELLABLE"", ""SELLABLE""]"
CANSELL,CO AMPA11,"[""NOTSELLABLE"", ""SELLABLE""]"
CANSELL,CO AUT07,"[""SELLABLE"", ""NOTSELLABLE""]"
CANSELL,CO CAB05,"[""NOTSELLABLE"", ""SELLABLE""]"
CANSELL,CO CAB102,"[""NOTSELLABLE"", ""SELLABLE""]"
CANSELL,CO CAB15,"[""NOTSELLABLE"", ""SELLABLE""]"
CANSELL,CO CAB18,"[""NOTSELLABLE"", ""SELLABLE""]"
CANSELL,CO CAB70,"[""NOTSELLABLE"", ""SELLABLE""]"
CANSELL,CO CAB71,"[""NOTSELLABLE"", ""SELLABLE""]"
CANSELL,CO CAB74,"[""NOTSELLABLE"", ""SELLABLE""]"
CANSELL,CO CAB91,"[""NOTSELLABLE"", ""SELLABLE""]"
CANSELL,CO CAD01,"[""NOTSELLABLE"", ""SELLABLE""]"
CANSELL,CO CAD02,"[""NOTSELLABLE"", ""SELLABLE""]"
CANSELL,CO CAD05,"[""NOTSELLABLE"", ""SELLABLE""]"
CANSELL,CO CAV02,"[""NOTSELLABLE"", ""SELLABLE""]"
CANSELL,CO CAV04,"[""SELLABLE"", ""NOTSELLABLE""]"
CANSELL,CO CAV06,"[""NOTSELLABLE"", ""SELLABLE""]"
CANSELL,CO COA03,"[""NOTSELLABLE"", ""SELLABLE""]"
CANSELL,CO COA04,"[""NOTSELLABLE"", ""SELLABLE""]"
CANSELL,CO CVT04,"[""NOTSELLABLE"", ""SELLABLE""]"
CANSELL,CO CVT12,"[""NOTSELLABLE"", ""SELLABLE""]"
CANSELL,CO DIS03,"[""NOTSELLABLE"", ""SELLABLE""]"
CANSELL,CO DIS07,"[""NOTSELLABLE"", ""SELLABLE""]"
CANSELL,CO DIS09,"[""SELLABLE"", ""NOTSELLABLE""]"
CANSELL,CO DIS12,"[""NOTSELLABLE"", ""SELLABLE""]"
CANSELL,CO DIS13,"[""NOTSELLABLE"", ""SELLABLE""]"
CANSELL,CO DVD01,"[""NOTSELLABLE"", ""SELLABLE""]"
CANSELL,CO DVD02,"[""NOTSELLABLE"", ""SELLABLE""]"
CANSELL,CO EST21,"[""NOTSELLABLE"", ""SELLABLE""]"
CANSELL,CO ETH08,"[""NOTSELLABLE"", ""SELLABLE""]"
CANSELL,CO ETH12,"[""NOTSELLABLE"", ""SELLABLE""]"
CANSELL,CO ILU02,"[""NOTSELLABLE"", ""SELLABLE""]"
CANSELL,CO ILU06,"[""NOTSELLABLE"", ""SELLABLE""]"
CANSELL,CO KG06,"[""NOTSELLABLE"", ""SELLABLE""]"
CANSELL,CO KG07,"[""SELLABLE"", ""NOTSELLABLE""]"
CANSELL,CO KG09,"[""NOTSELLABLE"", ""SELLABLE""]"
CANSELL,CO KG15,"[""NOTSELLABLE"", ""SELLABLE""]"
CANSELL,CO KG19,"[""NOTSELLABLE"", ""SELLABLE""]"
CANSELL,CO KG25,"[""NOTSELLABLE"", ""SELLABLE""]"
CANSELL,CO KMIC01,"[""NOTSELLABLE"", ""SELLABLE""]"
CANSELL,CO KMIC03,"[""NOTSELLABLE"", ""SELLABLE""]"
CANSELL,CO KMIC04,"[""NOTSELLABLE"", ""SELLABLE""]"
CANSELL,CO KMIC05,"[""NOTSELLABLE"", ""SELLABLE""]"
CANSELL,CO KMIC06,"[""SELLABLE"", ""NOTSELLABLE""]"
CANSELL,CO KMIC07,"[""SELLABLE"", ""NOTSELLABLE""]"
CANSELL,CO KMIC08,"[""SELLABLE"", ""NOTSELLABLE""]"
CANSELL,CO KMIC09,"[""SELLABLE"", ""NOTSELLABLE""]"
CANSELL,CO KMIC10,"[""SELLABLE"", ""NOTSELLABLE""]"
CANSELL,CO KMIC11,"[""SELLABLE"", ""NOTSELLABLE""]"
CANSELL,CO KMIC12,"[""NOTSELLABLE"", ""SELLABLE""]"
CANSELL,CO KMIC13,"[""NOTSELLABLE"", ""SELLABLE""]"
CANSELL,CO KMIC14,"[""SELLABLE"", ""NOTSELLABLE""]"
CANSELL,CO MAT01,"[""NOTSELLABLE"", ""SELLABLE""]"
CANSELL,CO MIC01,"[""NOTSELLABLE"", ""SELLABLE""]"
CANSELL,CO MIC06,"[""NOTSELLABLE"", ""SELLABLE""]"
CANSELL,CO MIC09,"[""NOTSELLABLE"", ""SELLABLE""]"
CANSELL,CO PAN02,"[""NOTSELLABLE"", ""SELLABLE""]"
CANSELL,CO PAN07,"[""NOTSELLABLE"", ""SELLABLE""]"
CANSELL,CO PAN12,"[""NOTSELLABLE"", ""SELLABLE""]"
CANSELL,CO PAN14,"[""NOTSELLABLE"", ""SELLABLE""]"
CANSELL,CO PAN22,"[""NOTSELLABLE"", ""SELLABLE""]"
CANSELL,CO PAN28,"[""SELLABLE"", ""NOTSELLABLE""]"
CANSELL,CO PAN34,"[""NOTSELLABLE"", ""SELLABLE""]"
CANSELL,CO PAN35,"[""NOTSELLABLE"", ""SELLABLE""]"
CANSELL,CO PAN41,"[""NOTSELLABLE"", ""SELLABLE""]"
CANSELL,CO PAN56,"[""NOTSELLABLE"", ""SELLABLE""]"
CANSELL,CO PAN58,"[""NOTSELLABLE"", ""SELLABLE""]"
CANSELL,CO PC03,"[""NOTSELLABLE"", ""SELLABLE""]"
CANSELL,CO PC04,"[""NOTSELLABLE"", ""SELLABLE""]"
CANSELL,CO PC05,"[""SELLABLE"", ""NOTSELLABLE""]"
CANSELL,CO PC06,"[""SELLABLE"", ""NOTSELLABLE""]"
CANSELL,CO PC10,"[""NOTSELLABLE"", ""SELLABLE""]"
CANSELL,CO PC13,"[""NOTSELLABLE"", ""SELLABLE""]"
CANSELL,CO PC17,"[""NOTSELLABLE"", ""SELLABLE""]"
CANSELL,CO PC19,"[""NOTSELLABLE"", ""SELLABLE""]"
CANSELL,CO PC26,"[""SELLABLE"", ""NOTSELLABLE""]"
CANSELL,CO PC27,"[""NOTSELLABLE"", ""SELLABLE""]"
CANSELL,CO PC28,"[""SELLABLE"", ""NOTSELLABLE""]"
CANSELL,CO PC30,"[""NOTSELLABLE"", ""SELLABLE""]"
CANSELL,CO PRY01,"[""NOTSELLABLE"", ""SELLABLE""]"
CANSELL,CO PRY03,"[""NOTSELLABLE"", ""SELLABLE""]"
CANSELL,CO PRY05,"[""NOTSELLABLE"", ""SELLABLE""]"
CANSELL,CO PRY06,"[""NOTSELLABLE"", ""SELLABLE""]"
CANSELL,CO PRY07,"[""NOTSELLABLE"", ""SELLABLE""]"
CANSELL,CO PRY10,"[""NOTSELLABLE"", ""SELLABLE""]"
CANSELL,CO PRY11,"[""NOTSELLABLE"", ""SELLABLE""]"
CANSELL,CO PRY12,"[""NOTSELLABLE"", ""SELLABLE""]"
CANSELL,CO PRY13,"[""NOTSELLABLE"", ""SELLABLE""]"
CANSELL,CO PRY15,"[""NOTSELLABLE"", ""SELLABLE""]"
CANSELL,CO PRY17,"[""NOTSELLABLE"", ""SELLABLE""]"
CANSELL,CO PRY19,"[""NOTSELLABLE"", ""SELLABLE""]"
CANSELL,CO PRY20,"[""NOTSELLABLE"", ""SELLABLE""]"
CANSELL,CO PRY23,"[""NOTSELLABLE"", ""SELLABLE""]"
CANSELL,CO PRY29,"[""NOTSELLABLE"", ""SELLABLE""]"
CANSELL,CO PRY31,"[""NOTSELLABLE"", ""SELLABLE""]"
CANSELL,CO PRY34,"[""NOTSELLABLE"", ""SELLABLE""]"
CANSELL,CO PRY36,"[""NOTSELLABLE"", ""SELLABLE""]"
CANSELL,CO PRY37,"[""NOTSELLABLE"", ""SELLABLE""]"
CANSELL,CO PRY39,"[""NOTSELLABLE"", ""SELLABLE""]"
CANSELL,CO REC01,"[""NOTSELLABLE"", ""SELLABLE""]"
CANSELL,CO REM01,"[""NOTSELLABLE"", ""SELLABLE""]"
CANSELL,CO REM03,"[""NOTSELLABLE"", ""SELLABLE""]"
CANSELL,CO REM08,"[""NOTSELLABLE"", ""SELLABLE""]"
CANSELL,CO SOP06,"[""NOTSELLABLE"", ""SELLABLE""]"
CANSELL,CO SOP07,"[""NOTSELLABLE"", ""SELLABLE""]"
CANSELL,CO TAB01,"[""NOTSELLABLE"", ""SELLABLE""]"
CANSELL,CO TEL01,"[""NOTSELLABLE"", ""SELLABLE""]"
CANSELL,CO TEL02,"[""NOTSELLABLE"", ""SELLABLE""]"
CANSELL,CO TEL04,"[""NOTSELLABLE"", ""SELLABLE""]"
CANSELL,CO TEL05,"[""NOTSELLABLE"", ""SELLABLE""]"
CANSELL,CO VID04,"[""NOTSELLABLE"", ""SELLABLE""]"
CANSELL,COMESCGN,"[""NOTSELLABLE"", ""SELLABLE""]"
CANSELL,CTLCREAL,"[""NOTSELLABLE"", ""SELLABLE""]"
CANSELL,DE001,"[""NOTSELLABLE"", ""SELLABLE""]"
CANSELL,DEL,"[""SELLABLE"", ""NOTSELLABLE""]"
CANSELL,ERJVGAT1,"[""NOTSELLABLE"", ""SELLABLE""]"
CANSELL,IDIADIC,"[""SELLABLE"", ""NOTSELLABLE""]"
CANSELL,IMPINYE1,"[""SELLABLE"", ""NOTSELLABLE""]"
CANSELL,KAPDEVC,"[""SELLABLE"", ""NOTSELLABLE""]"
CANSELL,KARAOKE,"[""SELLABLE"", ""NOTSELLABLE""]"
CANSELL,KESCENPA,"[""SELLABLE"", ""NOTSELLABLE""]"
CANSELL,KLED29M2,"[""SELLABLE"", ""NOTSELLABLE""]"
CANSELL,KPLED39M2,"[""SELLABLE"", ""NOTSELLABLE""]"
CANSELL,KSISSALV,"[""SELLABLE"", ""NOTSELLABLE""]"
CANSELL,KSISWATCH,"[""SELLABLE"", ""NOTSELLABLE""]"
CANSELL,KVIDCOPIM,"[""SELLABLE"", ""NOTSELLABLE""]"
CANSELL,KVSCB,"[""SELLABLE"", ""NOTSELLABLE""]"
CANSELL,L1VIDEO,"[""SELLABLE"", ""NOTSELLABLE""]"
CANSELL,MICCONS2,"[""NOTSELLABLE"", ""SELLABLE""]"
CANSELL,MON003,"[""NOTSELLABLE"", ""SELLABLE""]"
CANSELL,MONTV55,"[""NOTSELLABLE"", ""SELLABLE""]"
CANSELL,MONTV60,"[""NOTSELLABLE"", ""SELLABLE""]"
CANSELL,PA CAB05,"[""SELLABLE"", ""NOTSELLABLE""]"
CANSELL,PANTV494,"[""NOTSELLABLE"", ""SELLABLE""]"
CANSELL,PANTV754,"[""NOTSELLABLE"", ""SELLABLE""]"
CANSELL,PE ACC04,"[""NOTSELLABLE"", ""SELLABLE""]"
CANSELL,PE ACC18,"[""NOTSELLABLE"", ""SELLABLE""]"
CANSELL,PE ACC21,"[""NOTSELLABLE"", ""SELLABLE""]"
CANSELL,PE ACC27,"[""NOTSELLABLE"", ""SELLABLE""]"
CANSELL,PE AMP05,"[""NOTSELLABLE"", ""SELLABLE""]"
CANSELL,PE AUD02,"[""NOTSELLABLE"", ""SELLABLE""]"
CANSELL,PE AUD15,"[""NOTSELLABLE"", ""SELLABLE""]"
CANSELL,PE AUD19,"[""NOTSELLABLE"", ""SELLABLE""]"
CANSELL,PE AUD26,"[""NOTSELLABLE"", ""SELLABLE""]"
CANSELL,PE AUD33,"[""NOTSELLABLE"", ""SELLABLE""]"
CANSELL,PE AUD37,"[""NOTSELLABLE"", ""SELLABLE""]"
CANSELL,PE AUD42,"[""NOTSELLABLE"", ""SELLABLE""]"
CANSELL,PE AUT03,"[""NOTSELLABLE"", ""SELLABLE""]"
CANSELL,PE BOC13,"[""NOTSELLABLE"", ""SELLABLE""]"
CANSELL,PE BOC14,"[""NOTSELLABLE"", ""SELLABLE""]"
CANSELL,PE BOC18,"[""NOTSELLABLE"", ""SELLABLE""]"
CANSELL,PE BOC19,"[""NOTSELLABLE"", ""SELLABLE""]"
CANSELL,PE BOC20,"[""NOTSELLABLE"", ""SELLABLE""]"
CANSELL,PE BOC24,"[""NOTSELLABLE"", ""SELLABLE""]"
CANSELL,PE BOC26,"[""NOTSELLABLE"", ""SELLABLE""]"
CANSELL,PE COV01,"[""NOTSELLABLE"", ""SELLABLE""]"
CANSELL,PE DIS01,"[""SELLABLE"", ""NOTSELLABLE""]"
CANSELL,PE DIS02,"[""NOTSELLABLE"", ""SELLABLE""]"
CANSELL,PE ECR02,"[""NOTSELLABLE"", ""SELLABLE""]"
CANSELL,PE ECR11,"[""NOTSELLABLE"", ""SELLABLE""]"
CANSELL,PE ILU05,"[""NOTSELLABLE"", ""SELLABLE""]"
CANSELL,PE ILU29,"[""NOTSELLABLE"", ""SELLABLE""]"
CANSELL,PE KG27,"[""SELLABLE"", ""NOTSELLABLE""]"
CANSELL,PE MIC01,"[""NOTSELLABLE"", ""SELLABLE""]"
CANSELL,PE MIC02,"[""NOTSELLABLE"", ""SELLABLE""]"
CANSELL,PE MIC04,"[""NOTSELLABLE"", ""SELLABLE""]"
CANSELL,PE MIC10,"[""NOTSELLABLE"", ""SELLABLE""]"
CANSELL,PE MIC11,"[""SELLABLE"", ""NOTSELLABLE""]"
CANSELL,PE MIC13,"[""NOTSELLABLE"", ""SELLABLE""]"
CANSELL,PE MIC15,"[""NOTSELLABLE"", ""SELLABLE""]"
CANSELL,PE MIC16,"[""NOTSELLABLE"", ""SELLABLE""]"
CANSELL,PE MIC20,"[""NOTSELLABLE"", ""SELLABLE""]"
CANSELL,PE MIC22,"[""NOTSELLABLE"", ""SELLABLE""]"
CANSELL,PE MON03,"[""SELLABLE"", ""NOTSELLABLE""]"
CANSELL,PE MON05,"[""NOTSELLABLE"", ""SELLABLE""]"
CANSELL,PE MON06,"[""NOTSELLABLE"", ""SELLABLE""]"
CANSELL,PE MON07,"[""SELLABLE"", ""NOTSELLABLE""]"
CANSELL,PE MON09,"[""SELLABLE"", ""NOTSELLABLE""]"
CANSELL,PE MON23,"[""NOTSELLABLE"", ""SELLABLE""]"
CANSELL,PE MON27,"[""NOTSELLABLE"", ""SELLABLE""]"
CANSELL,PE MON29,"[""NOTSELLABLE"", ""SELLABLE""]"
CANSELL,PE PC06,"[""SELLABLE"", ""NOTSELLABLE""]"
CANSELL,PE PC12,"[""NOTSELLABLE"", ""SELLABLE""]"
CANSELL,PE PC15,"[""NOTSELLABLE"", ""SELLABLE""]"
CANSELL,PE PRV03,"[""NOTSELLABLE"", ""SELLABLE""]"
CANSELL,PE PRV10,"[""NOTSELLABLE"", ""SELLABLE""]"
CANSELL,PE PRY12,"[""NOTSELLABLE"", ""SELLABLE""]"
CANSELL,PE PRY15,"[""NOTSELLABLE"", ""SELLABLE""]"
CANSELL,PE PRY16,"[""NOTSELLABLE"", ""SELLABLE""]"
CANSELL,PE PRY19,"[""NOTSELLABLE"", ""SELLABLE""]"
CANSELL,PE SOP02,"[""NOTSELLABLE"", ""SELLABLE""]"
CANSELL,PE SOP28,"[""NOTSELLABLE"", ""SELLABLE""]"
CANSELL,PROVI3000,"[""NOTSELLABLE"", ""SELLABLE""]"
CANSELL,RECRJVGE,"[""NOTSELLABLE"", ""SELLABLE""]"
CANSELL,ROBAUDBAND,"[""NOTSELLABLE"", ""SELLABLE""]"
CANSELL,SIAPQTSH,"[""SELLABLE"", ""NOTSELLABLE""]"
CANSELL,SISAPDSH,"[""SELLABLE"", ""NOTSELLABLE""]"
CANSELL,SISAPV23,"[""SELLABLE"", ""NOTSELLABLE""]"
CANSELL,SISAPV33,"[""SELLABLE"", ""NOTSELLABLE""]"
CANSELL,SISAQTSH,"[""SELLABLE"", ""NOTSELLABLE""]"
CANSELL,SISASC13,"[""SELLABLE"", ""NOTSELLABLE""]"
CANSELL,SISASC23,"[""SELLABLE"", ""NOTSELLABLE""]"
CANSELL,SISVPV23,"[""SELLABLE"", ""NOTSELLABLE""]"
CANSELL,SISVSC13,"[""SELLABLE"", ""NOTSELLABLE""]"
CANSELL,SK 80179,"[""SELLABLE"", ""NOTSELLABLE""]"
CANSELL,SK162788712,"[""SELLABLE"", ""NOTSELLABLE""]"
CANSELL,SK179594861,"[""NOTSELLABLE"", ""SELLABLE""]"
CANSELL,STREAMING BASICO,"[""SELLABLE"", ""NOTSELLABLE""]"
CANSELL,TELLG043,"[""NOTSELLABLE"", ""SELLABLE""]"
CANSELL,TELLGP43,"[""NOTSELLABLE"", ""SELLABLE""]"
CANSELL,TRADUC50,"[""SELLABLE"", ""NOTSELLABLE""]"
CANSELL,TRAMIC58,"[""NOTSELLABLE"", ""SELLABLE""]"
CANSELL,W46E67455546,"[""NOTSELLABLE"", ""SELLABLE""]"
CANSELL,XXX006,"[""NOTSELLABLE"", ""SELLABLE""]"
CANSELL,XXX008,"[""NOTSELLABLE"", ""SELLABLE""]"
CANSELL,XXX011,"[""SELLABLE"", ""NOTSELLABLE""]"
CANSELL,XXX053,"[""NOTSELLABLE"", ""SELLABLE""]"
CANSELL,XXX097,"[""SELLABLE"", ""NOTSELLABLE""]"
CANSELL,XXX114,"[""NOTSELLABLE"", ""SELLABLE""]"
CANSELL,XXX128,"[""SELLABLE"", ""NOTSELLABLE""]"
CANSELL,XXX192,"[""NOTSELLABLE"", ""SELLABLE""]"
CANSELL,XXX2013,"[""NOTSELLABLE"", ""SELLABLE""]"
CANSELL,XXX224,"[""NOTSELLABLE"", ""SELLABLE""]"
CANSELL,XXXKITCAM01,"[""NOTSELLABLE"", ""SELLABLE""]"
